,Address,Location
0,"49 E 95TH ST,Chicago,IL","(41.7217117, -87.62223329999999)"
1,"4651 W MADISON ST,Chicago,IL","(41.880139, -87.7421358)"
2,"5410 S STATE ST,Chicago,IL","(41.795957, -87.626323)"
3,"11250 S ADA ST,Chicago,IL","(41.6884623, -87.6558601)"
4,"7535 S DOBSON AVE,Chicago,IL","(41.7575678, -87.5992536)"
5,"1919 N SEMINARY AVE,Chicago,IL","(41.9164818, -87.6550877)"
6,"10810 S AVE H,Chicago,IL","(41.6985287, -87.53319479999999)"
7,"1301 W 14TH ST,Chicago,IL","(41.8629807, -87.6596682)"
8,"3300 N CAMPBELL AVE,Chicago,IL","(41.9421323, -87.6914608)"
9,"8959 S BEVERLY AVE,Chicago,IL","(41.730453, -87.6679606)"
10,"2851 N SEMINARY AVE,Chicago,IL","(41.93397239999999, -87.6558124)"
11,"2257 E 71ST ST,Chicago,IL","(41.7660249, -87.5692242)"
12,"2133 N MCVICKER AVE,Chicago,IL","(41.918921, -87.776404)"
13,"3630 S WELLS ST,Chicago,IL","(41.8278882, -87.6329602)"
14,"5510 W FULLERTON AVE,Chicago,IL","(41.9242896, -87.76403359999999)"
15,"5235 S CORNELL AVE,Chicago,IL","(41.8002895, -87.5849758)"
16,"3545 W FULTON AVE,Chicago,IL","(41.8859035, -87.7154043)"
17,"5039 N KIMBALL AVE,Chicago,IL","(41.9733858, -87.71350439999999)"
18,"4929 N SAWYER AVE,Chicago,IL","(41.9711021, -87.7094221)"
19,"2625 N ORCHARD ST,Chicago,IL","(41.9296481, -87.6459706)"
20,"630 E 131ST ST,Chicago,IL","(41.6574136, -87.6074687)"
21,"2941 N WASHTENAW AVE,Chicago,IL","(41.9351308, -87.6952606)"
22,"2234 W 115TH ST,Chicago,IL","(41.6841712, -87.677566)"
23,"1251 N PARKSIDE AVE,Chicago,IL","(41.9036405, -87.76667119999999)"
24,"515 S WASHTENAW AVE,Chicago,IL","(41.8747358, -87.693715)"
25,"1340 W 71ST ST,Chicago,IL","(41.7649924, -87.65798830000001)"
26,"1920 N HAMLIN AVE,Chicago,IL","(41.9161874, -87.72246299999999)"
27,"6200 W BLOOMINGDALE AVE,Chicago,IL","(41.9133813, -87.78027480000002)"
28,"5110 N DAMEN AVE,Chicago,IL","(41.9750909, -87.6803091)"
29,"4770 S DORCHESTER AVE,Chicago,IL","(41.8083167, -87.5922259)"
30,"1148 N HONORE ST,Chicago,IL","(41.9024109, -87.67430440000001)"
31,"3748 S PRAIRIE AVE,Chicago,IL","(41.8268008, -87.6204427)"
32,"6315 S CLAREMONT AVE,Chicago,IL","(41.77816680000001, -87.6822552)"
33,"5233 N ASHLAND AVE,Chicago,IL","(41.9770899, -87.669264)"
34,"2032 N CLYBOURN,Chicago,IL","(41.918509, -87.6602796)"
35,"3750 E 112TH ST,Chicago,IL","(41.6922803, -87.5319701)"
36,"3121 N PULASKI RD,Chicago,IL","(41.9379315, -87.72677089999999)"
37,"3121 N PULASKI RD,Chicago,IL","(41.9379315, -87.72677089999999)"
38,"900 W WILSON AVE,Chicago,IL","(41.9660193, -87.6521886)"
39,"11144 S ST LAWRENCE AVE,Chicago,IL","(41.6916659, -87.6083809)"
40,"4901 S KILBOURN AVE,Chicago,IL","(41.80400969999999, -87.7357124)"
41,"1119 E 46TH ST,Chicago,IL","(41.8109791, -87.59842119999999)"
42,"950 W 33RD PL,Chicago,IL","(41.8340484, -87.6500959)"
43,"3309 S SHIELDS AVE,Chicago,IL","(41.83417439999999, -87.6350089)"
44,"911 W 32ND PL,Chicago,IL","(41.8356259, -87.6490097)"
45,"4433 S ST LAWRENCE,Chicago,IL","(41.814061, -87.6109949)"
46,"2111 W ESTES AVE,Chicago,IL","(42.0111743, -87.68441969999999)"
47,"5345 W CONGRESS PKWY,Chicago,IL","(41.8735966, -87.7592027)"
48,"1250 W LEXINGTON ST,Chicago,IL","(41.8722099, -87.6588229)"
49,"8300 S ST LOUIS AVE,Chicago,IL","(41.7418901, -87.7099618)"
50,"3345 W 83RD ST,Chicago,IL","(41.7421401, -87.7067141)"
51,"8505 S INGLESIDE AVE,Chicago,IL","(41.7400343, -87.6009832)"
52,"4807 W GUNNISON ST,Chicago,IL","(41.9688535, -87.74817329999999)"
53,"4237 S WABASH AVE,Chicago,IL","(41.8172197, -87.6246682)"
54,"4639 N KENMORE AVE,Chicago,IL","(41.9664747, -87.6558529)"
55,"3546 W ADDISON ST,Chicago,IL","(41.9467205, -87.7169804)"
56,"406 W WINNECONNA PKWY,Chicago,IL","(41.753072, -87.63495499999999)"
57,"3500 N HOYNE AVE,Chicago,IL","(41.9453833, -87.6811506)"
58,"4431 W AUGUSTA BLVD,Chicago,IL","(41.8988393, -87.7367908)"
59,"5951 W LAKE ST,Chicago,IL","(41.8879961, -87.7739753)"
60,"5352 W CHICAGO AVE,Chicago,IL","(41.8951818, -87.76033509999999)"
61,"6020 W FOSTER AVE,Chicago,IL","(41.9759391, -87.7789081)"
62,"231 N PINE AVE,Chicago,IL","(41.88500440000001, -87.76249279999999)"
63,"5610 W LAKE ST,Chicago,IL","(41.888194, -87.76577909999999)"
64,"1215 E 83RD ST,Chicago,IL","(41.7437383, -87.5941856)"
65,"8045 S KENWOOD AVE,Chicago,IL","(41.7485226, -87.5912872)"
66,"2945 N SAWYER AVE,Chicago,IL","(41.9351698, -87.70871489999999)"
67,"3516 W SCHOOL ST,Chicago,IL","(41.9412821, -87.71524649999999)"
68,"4707 W MARQUETTE RD,Chicago,IL","(41.7707098, -87.7395655)"
69,"4920 S THROOP ST,Chicago,IL","(41.8044432, -87.6575739)"
70,"3333 W PETERSON AVE,Chicago,IL","(41.9900488, -87.71312329999999)"
71,"6656 S NORMAL BL,Chicago,IL","(41.7731916, -87.63682109999999)"
72,"6114 W NORTH AVE,Chicago,IL","(41.90948179999999, -87.7785488)"
73,"2440 S LEAVITT ST,Chicago,IL","(41.8472192, -87.680601)"
74,"2827 W ARTHINGTON ST,Chicago,IL","(41.870131, -87.6971349)"
75,"10441 S LONGWOOD DR,Chicago,IL","(41.7031778, -87.6708424)"
76,"10354 S CHARLES ST,Chicago,IL","(41.705373, -87.65851459999999)"
77,"2022 W CERMAK RD,Chicago,IL","(41.8521615, -87.67688299999999)"
78,"2828 N KILBOURN AVE,Chicago,IL","(41.9326996, -87.73987790000001)"
79,"7650 S WOLCOTT AVE,Chicago,IL","(41.75460959999999, -87.67149739999999)"
80,"1140 W 66TH ST,Chicago,IL","(41.774826, -87.65379779999999)"
81,"4220 N RICHMOND ST,Chicago,IL","(41.9581759, -87.7026015)"
82,"517 W WISCONSIN ST,Chicago,IL","(41.9164587, -87.6417884)"
83,"10650 S LONGWOOD DR,Chicago,IL","(41.6996246, -87.6712012)"
84,"6445 W STRONG ST,Chicago,IL","(41.9699408, -87.790275)"
85,"5255 S STATE ST,Chicago,IL","(41.7990167, -87.6248351)"
86,"5025 N LARAMIE AVE,Chicago,IL","(41.9720396, -87.75681850000001)"
87,"6156 S DORCHESTER AVE,Chicago,IL","(41.782694, -87.59165899999999)"
88,"25 W 47TH ST,Chicago,IL","(41.8092041, -87.62715899999999)"
89,"3151 W WALNUT ST,Chicago,IL","(41.8851078, -87.70488879999999)"
90,"1725 N SPRINGFIELD AVE,Chicago,IL","(41.912869, -87.7239692)"
91,"4257 N TRIPP AVE,Chicago,IL","(41.958895, -87.733679)"
92,"3020 N OAK PARK AVE,Chicago,IL","(41.9352459, -87.7960202)"
93,"3730 N OAKLEY AVE,Chicago,IL","(41.9494917, -87.6865742)"
94,"2456 N MANGO AVE,Chicago,IL","(41.924838, -87.77026599999999)"
95,"10115 S PRAIRIE AVE,Chicago,IL","(41.71052479999999, -87.6169857)"
96,"3760 N PINE GROVE AVE,Chicago,IL","(41.9511593, -87.6475437)"
97,"8930 S MUSKEGON AVE,Chicago,IL","(41.7330945, -87.5555985)"
98,"4215 W WEST END AVE,Chicago,IL","(41.8829556, -87.73127629999999)"
99,"6803 N CAMPBELL AVE,Chicago,IL","(42.0052347, -87.69231599999999)"
100,"3030 W ARTHINGTON ST,Chicago,IL","(41.8703061, -87.7023)"
101,"2460 W 102ND ST,Chicago,IL","(41.7082007, -87.68315729999999)"
102,"9356 S JUSTINE ST,Chicago,IL","(41.7232858, -87.661833)"
103,"9916 S WALDEN PKWY,Chicago,IL","(41.713303, -87.6679798)"
104,"1438 W OHIO ST,Chicago,IL","(41.892473, -87.66381439999999)"
105,"427 E 45TH ST,Chicago,IL","(41.8127769, -87.61524299999999)"
106,"5641 S KENWOOD AVE,Chicago,IL","(41.7922491, -87.5932457)"
107,"9101 S EUCLID AVE,Chicago,IL","(41.729207, -87.5763834)"
108,"2318 N LAVERGNE AVE,Chicago,IL","(41.9228767, -87.751605)"
109,"1800 W 115TH ST,Chicago,IL","(41.6847207, -87.6670141)"
110,"1420 W GRACE ST,Chicago,IL","(41.9509477, -87.6650058)"
111,"6751 W 63RD PL,Chicago,IL","(41.7763365, -87.789709)"
112,"346 W 104TH ST,Chicago,IL","(41.7067469, -87.6328467)"
113,"6237 N WHIPPLE ST,Chicago,IL","(41.9950262, -87.7053763)"
114,"3939 W 79TH ST,Chicago,IL","(41.7487644, -87.7206719)"
115,"3939 W 79TH ST,Chicago,IL","(41.7487644, -87.7206719)"
116,"1978 W 111TH ST,Chicago,IL","(41.6919429, -87.67093969999999)"
117,"3601 W ARTHINGTON ST,Chicago,IL","(41.8699144, -87.717038)"
118,"7050 S MAY ST,Chicago,IL","(41.7657146, -87.6534178)"
119,"1241 W 58TH ST,Chicago,IL","(41.7884892, -87.65648929999999)"
120,"6710 N WASHTENAW AVE,Chicago,IL","(42.0039664, -87.6979523)"
121,"3044 S BONFIELD ST,Chicago,IL","(41.83923069999999, -87.65377289999999)"
122,"6646 S UNIVERSITY AVE,Chicago,IL","(41.773573, -87.5984797)"
123,"7355 S JEFFERY BL,Chicago,IL","(41.7611357, -87.57607039999999)"
124,"2710 E 89TH ST,Chicago,IL","(41.7344345, -87.55750069999999)"
125,"9729 S YATES AVE,Chicago,IL","(41.71809710000001, -87.5643236)"
126,"7736 S BURNHAM AVE,Chicago,IL","(41.7548658, -87.55777669999999)"
127,"1246 W 92ND ST,Chicago,IL","(41.7270772, -87.654913)"
128,"3285 N ELSTON AVE,Chicago,IL","(41.941243, -87.699535)"
129,"4251 N CLARENDON AVE,Chicago,IL","(41.9600422, -87.6492392)"
130,"2723 N FAIRFIELD AVE,Chicago,IL","(41.931012, -87.69604269999999)"
131,"8622 W CATALPA AVE,Chicago,IL","(41.9794596, -87.8434879)"
132,"3800 N NEW ENGLAND AVE,Chicago,IL","(41.949675, -87.7989339)"
133,"3700 S LOWE AVE,Chicago,IL","(41.8266894, -87.6426221)"
134,"10740 S CALHOUN AVE,Chicago,IL","(41.6997402, -87.5623159)"
135,"3501 S RICHMOND ST,Chicago,IL","(41.8297016, -87.69833779999999)"
136,"3825 S WASHTENAW AVE,Chicago,IL","(41.8239989, -87.6918618)"
137,"3000 W. DEVON AVE,Chicago,IL","(41.9975768, -87.70471859999999)"
138,"5400 N BROADWAY,Chicago,IL","(41.9800704, -87.6599888)"
139,"4437 N MAGNOLIA AVE,Chicago,IL","(41.9628196, -87.66097769999999)"
140,"8 W ROOT ST,Chicago,IL","(41.81982929999999, -87.6269947)"
141,"4542 S GREENWOOD AVE,Chicago,IL","(41.8119775, -87.5993191)"
142,"7046 N HARLEM AVE,Chicago,IL","(42.0092711, -87.80667)"
143,"250 E 111TH ST,Chicago,IL","(41.6941384, -87.6158444)"
144,"10001 S PULASKI RD,Chicago,IL","(41.7110849, -87.71997309999999)"
145,"644 E 86TH ST,Chicago,IL","(41.7383971, -87.6086796)"
146,"12607 S UNION AVE,Chicago,IL","(41.6648631, -87.6386967)"
147,"54 N HERMITAGE AVE,Chicago,IL","(41.882633, -87.6705831)"
148,"6741 S MICHIGAN AVE,Chicago,IL","(41.7715893, -87.62140649999999)"
149,"5600 W IOWA ST,Chicago,IL","(41.897163, -87.76606400000001)"
150,"5640 N PULASKI RD,Chicago,IL","(41.9840401, -87.72845509999999)"
151,"9207 S PHILLIPS AVE,Chicago,IL","(41.7270568, -87.5645093)"
152,"4347 S CALUMET AVE,Chicago,IL","(41.815197, -87.617955)"
153,"2701 W FOSTER AVE,Chicago,IL","(41.9753187, -87.6968823)"
154,"1049 W BUENA,Chicago,IL","(41.9586072, -87.65656129999999)"
155,"4500 N CALIFORNIA AVE,Chicago,IL","(41.9631994, -87.6988393)"
156,"6515 S ASHLAND AVE,Chicago,IL","(41.7751925, -87.6637097)"
157,"2035 N MOBILE AVE,Chicago,IL","(41.9176413, -87.7818119)"
158,"1903 E 96TH ST,Chicago,IL","(41.7206139, -87.5772594)"
159,"5356 S DR MARTIN LUTHER KING,Chicago,IL","(41.7968952, -87.6160225)"
160,"1630 W BARRY AVE,Chicago,IL","(41.9380894, -87.66983049999999)"
161,"9400 S GREENWOOD AVE,Chicago,IL","(41.7240178, -87.5972623)"
162,"650 E 91ST PL,Chicago,IL","(41.7288177, -87.60766)"
163,"1621 W WABANSIA AVE,Chicago,IL","(41.91212700000001, -87.6686796)"
164,"3542 S WASHTENAW AVE,Chicago,IL","(41.8288647, -87.69269919999999)"
165,"4913 N SHERIDAN RD,Chicago,IL","(41.9723622, -87.65490199999999)"
166,"5324 S WOODLAWN AVE,Chicago,IL","(41.7986855, -87.59662580000001)"
167,"5329 S OAK PARK AVE,Chicago,IL","(41.7948196, -87.79101759999999)"
168,"6050 N CALIFORNIA AVE,Chicago,IL","(41.9918762, -87.69980079999999)"
169,"5959 N SHERIDAN RD,Chicago,IL","(41.9904941, -87.65483139999999)"
170,"3814 W IOWA ST,Chicago,IL","(41.8974793, -87.72210830000002)"
171,"8546 S CREGIER AVE,Chicago,IL","(41.7392845, -87.5815346)"
172,"2833 W ADAMS ST,Chicago,IL","(41.8781359, -87.6975332)"
173,"3843 N CALIFORNIA AVE,Chicago,IL","(41.9517076, -87.6970874)"
174,"3456 W. 38TH ST,Chicago,IL","(41.8245538, -87.71140009999999)"
175,"8131 S MAY ST,Chicago,IL","(41.7459618, -87.6515055)"
176,"9801 S AVENUE G,Chicago,IL","(41.7178298, -87.5306437)"
177,"1234 N MONTICELLO AVE,Chicago,IL","(41.9040722, -87.7182183)"
178,"3000 N MANGO AVE,Chicago,IL","(41.93535929999999, -87.7703738)"
179,"2701 S ASHLAND AVE,Chicago,IL","(41.842111, -87.6657575)"
180,"4959 S BLACKSTONE AVE,Chicago,IL","(41.80465239999999, -87.5900906)"
181,"3740 N PANAMA AVE,Chicago,IL","(41.94792899999999, -87.829899)"
182,"8701 SOUTH BENNETT,Chicago,IL","(41.7368137, -87.57774789999999)"
183,"2345 S MILLARD AVE,Chicago,IL","(41.84843499999999, -87.71559719999999)"
184,"2406 S CENTRAL PARK AVE,Chicago,IL","(41.8477075, -87.7152998)"
185,"1651 W DIVERSEY PKWY,Chicago,IL","(41.93175859999999, -87.67048679999999)"
186,"5522 N MILWAUKEE AVE,Chicago,IL","(41.9820411, -87.77399489999999)"
187,"6441 N CENTRAL AVE,Chicago,IL","(41.9985201, -87.7631388)"
188,"1224 W CARMEN AVE,Chicago,IL","(41.9745965, -87.6608776)"
189,"1414 E 61ST PL,Chicago,IL","(41.7835894, -87.5910163)"
190,"6155 S CARPENTER ST,Chicago,IL","(41.78166299999999, -87.650565)"
191,"1250 W ERIE ST,Chicago,IL","(41.8939416, -87.6587921)"
192,"2929 W 83RD ST,Chicago,IL","(41.7421281, -87.6968203)"
193,"5516 S MAPLEWOOD AVE,Chicago,IL","(41.793112, -87.687934)"
194,"5740 S MICHIGAN AVE,Chicago,IL","(41.79001179999999, -87.6223529)"
195,"939 E 132ND ST,Chicago,IL","(41.6558488, -87.5986161)"
196,"13100 S CARVER DR,Chicago,IL","(42.3327874, -87.8636813)"
197,"901 E 133RD PL,Chicago,IL","(41.653157, -87.6009888)"
198,"3501 W POTOMAC AVE,Chicago,IL","(41.90404179999999, -87.71457550000001)"
199,"11314 S SPAULDING AVE,Chicago,IL","(41.6875193, -87.70396290000001)"
200,"2524 S CENTRAL PARK AVE,Chicago,IL","(41.8455403, -87.71514309999999)"
201,"4330 S KEDVALE AVE,Chicago,IL","(41.814104, -87.72782099999999)"
202,"2908 W WASHINGTON BL,Chicago,IL","(41.8832454, -87.6993324)"
203,"226 W SCHILLER,Chicago,IL","(41.9078693, -87.6358492)"
204,"5315 N WINTHROP AVE,Chicago,IL","(41.9786773, -87.6578954)"
205,"6086 N NORTHWEST HWY,Chicago,IL","(41.9920952, -87.7985949)"
206,"721 N CENTRAL PARK AVE,Chicago,IL","(41.89431820000001, -87.71627339999999)"
207,"1100 W IRVING PARK RD,Chicago,IL","(41.954629, -87.6572544)"
208,"2745 W ROOSEVELT RD,Chicago,IL","(41.8661963, -87.6951283)"
209,"4233 S GREENWOOD AVE,Chicago,IL","(41.8173018, -87.5993836)"
210,"5145 N LEAVITT ST,Chicago,IL","(41.9750319, -87.6842531)"
211,"2021 N POINT ST,Chicago,IL","(41.918172, -87.6942832)"
212,"4725 N ASHLAND AVE,Chicago,IL","(41.9678729, -87.6693414)"
213,"4747 S MARSHFIELD AVE,Chicago,IL","(41.8073824, -87.6657907)"
214,"2809 W JARVIS AVE,Chicago,IL","(42.01531689999999, -87.700188)"
215,"7005 S DANTE AVE,Chicago,IL","(41.7677341, -87.58902479999999)"
216,"2205 W BELMONT AVE,Chicago,IL","(41.9393428, -87.6834526)"
217,"3400 N AUSTIN AVE,Chicago,IL","(41.9430077, -87.77735589999999)"
218,"1010 W CHICAGO,Chicago,IL","(41.8965186, -87.6531728)"
219,"3807 W 111TH ST,Chicago,IL","(41.6913273, -87.71612239999999)"
220,"3737 S PAULINA ST,Chicago,IL","(41.8256821, -87.6675037)"
221,"5110 W DIVERSEY,Chicago,IL","(41.93177379999999, -87.7546083)"
222,"5700 N PULASKI RD,Chicago,IL","(41.9845136, -87.7287498)"
223,"541 W HAWTHORNE PL,Chicago,IL","(41.9442229, -87.64263179999999)"
224,"2189 W BOWLER ST,Chicago,IL","(41.8701894, -87.6805182)"
225,"2235 N HAMILTON ST,Chicago,IL","(41.92249839999999, -87.68083229999999)"
226,"1309 W 95TH ST,Chicago,IL","(41.7203832, -87.655901)"
227,"3900 W PETERSON AVE,Chicago,IL","(41.9908915, -87.72756849999999)"
228,"11530 S PRAIRIE AVE,Chicago,IL","(41.6844598, -87.6167782)"
229,"6105 S MICHIGAN AVE,Chicago,IL","(41.7834911, -87.62153200000002)"
230,"2245 N MC VICKER AVE,Chicago,IL","(41.9217723, -87.7765625)"
231,"212 S FRANCISCO AVE,Chicago,IL","(41.8778555, -87.6991705)"
232,"5058 W JACKSON BLVD,Chicago,IL","(41.8771777, -87.7516546)"
233,"1850 W ROOSEVELT RD,Chicago,IL","(41.8672328, -87.6724245)"
234,"7202 N CLARK ST,Chicago,IL","(42.0129142, -87.6746679)"
235,"3519 S GILES AVE,Chicago,IL","(41.8301051, -87.6189808)"
236,"7008 S MICHIGAN AVE,Chicago,IL","(41.7669482, -87.62223469999999)"
237,"1248 W 69TH ST,Chicago,IL","(41.7689197, -87.6563164)"
238,"38 S PEORIA ST,Chicago,IL","(41.8808261, -87.65001889999999)"
239,"2100 E 87TH ST,Chicago,IL","(41.7384975, -87.5725195)"
240,"1300 W LOYOLA AVE,Chicago,IL","(42.0016472, -87.6637475)"
241,"1240 S PULASKI RD,Chicago,IL","(41.8652136, -87.7254663)"
242,"1241 S PULASKI RD,Chicago,IL","(41.8648675, -87.72478029999999)"
243,"12803 S HALSTED ST,Chicago,IL","(41.66120799999999, -87.640973)"
244,"5480 S KENWOOD AVE,Chicago,IL","(41.7957122, -87.59386119999999)"
245,"2301 S WENTWORTH AVE,Chicago,IL","(41.8507437, -87.6316269)"
246,"6758 N SACRAMENTO AVE,Chicago,IL","(42.0046431, -87.7045938)"
247,"3420 N LONG AVE,Chicago,IL","(41.9432061, -87.762451)"
248,"2450 W RICE ST,Chicago,IL","(41.8970977, -87.6885334)"
249,"11429 S DR MARTIN LUTHER KIN,Chicago,IL","(41.6863447, -87.61319950000001)"
250,"5335 W LE MOYNE ST,Chicago,IL","(41.9076355, -87.7596148)"
251,"9240 S HOYNE AVE,Chicago,IL","(41.7254553, -87.67451980000001)"
252,"3701 S LAKE PARK AVE,Chicago,IL","(41.8285967, -87.6059032)"
253,"1533 S CHRISTIANA AVE,Chicago,IL","(41.8597919, -87.7091286)"
254,"5042 S ARTESIAN AVE,Chicago,IL","(41.8016594, -87.6858604)"
255,"1825 N DAMEN AVE,Chicago,IL","(41.9146158, -87.6775729)"
256,"8001 S HONORE ST,Chicago,IL","(41.748439, -87.66944339999999)"
257,"118 N CENTRAL AVE,Chicago,IL","(41.8828423, -87.7654124)"
258,"2342 W FLOURNOY ST,Chicago,IL","(41.8730337, -87.6854996)"
259,"4501 N CLARENDON AVE,Chicago,IL","(41.96367739999999, -87.64931589999999)"
260,"1045 S MONITOR AVE,Chicago,IL","(41.8678731, -87.769894)"
261,"4615 W JACKSON BLVD,Chicago,IL","(41.8767224, -87.740962)"
262,"3400 N ROCKWELL AVE,Chicago,IL","(41.9433816, -87.6946043)"
263,"5101 W HARRISON ST,Chicago,IL","(41.8724677, -87.7526627)"
264,"13231 S BURLEY AVE,Chicago,IL","(41.65469340000001, -87.5440749)"
265,"2334 W DIVISION ST,Chicago,IL","(41.9033448, -87.685932)"
266,"1147 N WESTERN AVE,Chicago,IL","(41.9026168, -87.68612949999999)"
267,"3121 W BYRON ST,Chicago,IL","(41.9516981, -87.7059151)"
268,"6110 N FAIRFIELD AVE,Chicago,IL","(41.9931865, -87.6982638)"
269,"2350 W 110TH PL,Chicago,IL","(41.6929416, -87.6807159)"
270,"2210 N SOUTHPORT AVE,Chicago,IL","(41.921982, -87.66321099999999)"
271,"1755 N CLYBOURN AVE,Chicago,IL","(41.9129985, -87.6524106)"
272,"5554 N MAGNOLIA AVE,Chicago,IL","(41.9834901, -87.66135100000001)"
273,"30 E 61ST ST,Chicago,IL","(41.7837259, -87.62422699999999)"
274,"361 E 85TH ST,Chicago,IL","(41.7401361, -87.6156496)"
275,"900 E 54TH PL,Chicago,IL","(41.7964564, -87.6032658)"
276,"1441 W 119TH ST,Chicago,IL","(41.6774712, -87.65955819999999)"
277,"8441 S YATES BL,Chicago,IL","(41.74161429999999, -87.5655081)"
278,"1466 S WABASH AVE,Chicago,IL","(41.8622781, -87.62571410000001)"
279,"1313 S SACRAMENTO DR,Chicago,IL","(41.86436250000001, -87.7010703)"
280,"4520 S KEDZIE AVE,Chicago,IL","(41.8109217, -87.7044239)"
281,"1003 N LEAVITT ST,Chicago,IL","(41.8996893, -87.6814153)"
282,"500 S CENTRAL AVE,Chicago,IL","(41.8737893, -87.76496130000001)"
283,"1231 S PULASKI RD,Chicago,IL","(41.865081, -87.7247639)"
284,"7832 S UNION AVE,Chicago,IL","(41.7513598, -87.6416157)"
285,"1845 W RICE ST,Chicago,IL","(41.896629, -87.6738079)"
286,"871 N WABASH AVE,Chicago,IL","(41.8985952, -87.6267053)"
287,"8150 S BISHOP ST,Chicago,IL","(41.7458533, -87.66016599999999)"
288,"4046 N LEAVITT ST,Chicago,IL","(41.9554175, -87.6839971)"
289,"1332 W 117TH ST,Chicago,IL","(41.6812613, -87.65545940000001)"
290,"1624 W 19TH ST,Chicago,IL","(41.8561772, -87.66726390000001)"
291,"6010 S THROOP ST,Chicago,IL","(41.784509, -87.6573787)"
292,"2510 S KILDARE AVE,Chicago,IL","(41.8454986, -87.7320658)"
293,"821 E 103RD ST,Chicago,IL","(41.7065428, -87.6025983)"
294,"5473 S CORNELL AVE,Chicago,IL","(41.7958793, -87.5854264)"
295,"1809 W 50TH ST,Chicago,IL","(41.802523, -87.67007269999999)"
296,"1111 N WELLS ST,Chicago,IL","(41.9026045, -87.634106)"
297,"2100 W 91ST ST,Chicago,IL","(41.7283392, -87.6746297)"
298,"44 W 15TH ST,Chicago,IL","(41.86191729999999, -87.6291188)"
299,"5058 W WEST END AVE,Chicago,IL","(41.88343, -87.75254799999999)"
300,"11030 S LONGWOOD DR,Chicago,IL","(41.69349829999999, -87.671672)"
301,"1726 W BERTEAU AVE,Chicago,IL","(41.9579923, -87.6718558)"
302,"2611 N LOCKWOOD AVE,Chicago,IL","(41.9281734, -87.7578479)"
303,"2245 W JACKSON BL,Chicago,IL","(41.876848, -87.6832325)"
304,"1516 S KARLOV AVE,Chicago,IL","(41.8600884, -87.72772909999999)"
305,"2040 W ADAMS ST,Chicago,IL","(41.87909250000001, -87.67842019999999)"
306,"2230 N DOMINICK ST,Chicago,IL","(41.92221019999999, -87.667361)"
307,"2230 W 108TH PL,Chicago,IL","(41.6966693, -87.677689)"
308,"1851 W CERMAK ROAD,Chicago,IL","(41.851826, -87.67294079999999)"
309,"2128 S ST LOUIS AVE,Chicago,IL","(41.852819, -87.7128551)"
310,"8521 S COMMERCIAL AVE,Chicago,IL","(41.7403293, -87.551096)"
311,"8324 S RACINE AVE,Chicago,IL","(41.7420731, -87.6535167)"
312,"10650 S EBERHART AVE,Chicago,IL","(41.7002756, -87.6116202)"
313,"4959 S ARCHER AVE,Chicago,IL","(41.8022402, -87.721707)"
314,"4959 S ARCHER AVE,Chicago,IL","(41.8022402, -87.721707)"
315,"32 E 115TH ST,Chicago,IL","(41.6857487, -87.622046)"
316,"5024 S WOLCOTT AVE,Chicago,IL","(41.80240149999999, -87.6724481)"
317,"3116 W BELDEN AVE,Chicago,IL","(41.9235103, -87.7053037)"
318,"3014 W 39TH PL,Chicago,IL","(41.8222433, -87.7003271)"
319,"5427 W DIVISION ST,Chicago,IL","(41.9019434, -87.7621073)"
320,"4430 S MARSHFIELD AVE,Chicago,IL","(41.8132366, -87.6668854)"
321,"6730 S PAULINA ST,Chicago,IL","(41.771165, -87.666045)"
322,"8040 S DAMEN AVE,Chicago,IL","(41.7473168, -87.6730596)"
323,"3810 W 81ST PL,Chicago,IL","(41.7455946, -87.71863139999999)"
324,"800 S WELLS ST,Chicago,IL","(41.8714475, -87.634244)"
325,"1550 S STATE ST,Chicago,IL","(41.8604169, -87.6279242)"
326,"1313 N CLAREMONT AVE,Chicago,IL","(41.9057847, -87.6855288)"
327,"16 E 35TH ST,Chicago,IL","(41.8310164, -87.62572139999999)"
328,"139 S PARKSIDE AVE,Chicago,IL","(41.8781592, -87.7656299)"
329,"1356 N DEAN ST,Chicago,IL","(41.9070952, -87.67072429999999)"
330,"865 S PARK TER,Chicago,IL","(41.8704072, -87.6295464)"
331,"1126 E 80TH ST,Chicago,IL","(41.7496558, -87.5963147)"
332,"7030 N SACRAMENTO AVE,Chicago,IL","(42.0095099, -87.70490769999999)"
333,"4905 W WABANSIA AVE,Chicago,IL","(41.9114042, -87.7495842)"
334,"6056 N LANDERS AVE,Chicago,IL","(41.9909155, -87.75344899999999)"
335,"3937 W WILCOX ST,Chicago,IL","(41.8787797, -87.7248061)"
336,"6340 N LAKEWOOD AVE,Chicago,IL","(41.997559, -87.663337)"
337,"7240 S WABASH AVE,Chicago,IL","(41.762424, -87.624028)"
338,"2306 W MAYPOLE AVE,Chicago,IL","(41.8841724, -87.6849027)"
339,"3436 N OSCEOLA AVE,Chicago,IL","(41.9425567, -87.81359049999999)"
340,"5415 S UNION AVE,Chicago,IL","(41.7959436, -87.6423281)"
341,"4117 N LAVERGNE AVE,Chicago,IL","(41.955363, -87.7522539)"
342,"8601 W FOSTER AVE,Chicago,IL","(41.97317200000001, -87.8416002)"
343,"4140 N MARINE DR,Chicago,IL","(41.9567418, -87.64699139999999)"
344,"8306 S ST LAWRENCE AVE,Chicago,IL","(41.743127, -87.611012)"
345,"8931 S DAUPHIN AVE,Chicago,IL","(41.7320212, -87.6020322)"
346,"7521 S DOBSON AVE,Chicago,IL","(41.7578079, -87.59908949999999)"
347,"2651 W WASHINGTON BL,Chicago,IL","(41.8826702, -87.69291419999999)"
348,"2734 W POLK ST,Chicago,IL","(41.8710725, -87.69486839999999)"
349,"3620 S LITUANICA AVE,Chicago,IL","(41.8281504, -87.6478954)"
350,"3426 W 77TH ST,Chicago,IL","(41.7533701, -87.70813199999999)"
351,"535 E 35TH ST,Chicago,IL","(41.8306422, -87.6122838)"
352,"521 E 35TH ST,Chicago,IL","(41.8308964, -87.61344509999999)"
353,"6108 S NATOMA AVE,Chicago,IL","(41.7803131, -87.78784519999999)"
354,"9336 S KINGSTON AVE,Chicago,IL","(41.7249376, -87.5620095)"
355,"1401 S SACRAMENTO,Chicago,IL","(41.86323470000001, -87.7020481)"
356,"3200 S CALUMET AVE,Chicago,IL","(41.8359339, -87.6186606)"
357,"543 N WALLER AVE,Chicago,IL","(41.8903861, -87.7671483)"
358,"2722 S DR MARTIN LUTHER KING,Chicago,IL","(41.84373799999999, -87.617609)"
359,"6931 S DAMEN AVE,Chicago,IL","(41.7675481, -87.6736083)"
360,"1845 W CORTLAND ST,Chicago,IL","(41.9157206, -87.6744861)"
361,"7442 N ASHLAND BLVD,Chicago,IL","(42.0172513, -87.6703359)"
362,"330 E 133RD ST,Chicago,IL","(41.6540012, -87.61420729999999)"
363,"6311 S CALUMET AVE,Chicago,IL","(41.7796859, -87.616729)"
364,"6650 S ELLIS AVE,Chicago,IL","(41.774602, -87.60127299999999)"
365,"200 E 31ST ST,Chicago,IL","(41.8383559, -87.62188739999999)"
366,"3000 S DR MARTIN LUTHER KING,Chicago,IL","(41.84057139999999, -87.61797609999999)"
367,"4640 N MELVINA AVE,Chicago,IL","(41.965953, -87.782342)"
368,"10845 S UNION AVE,Chicago,IL","(41.6964204, -87.6397648)"
369,"8441 S KOLIN AVE,Chicago,IL","(41.7391468, -87.7300731)"
370,"8445 S KOLIN AVE,Chicago,IL","(41.73904700000001, -87.7298805)"
371,"421 W LOCUST ST,Chicago,IL","(41.8989138, -87.63948719999999)"
372,"4934 S WABASH AVE,Chicago,IL","(41.8046858, -87.6251595)"
373,"1119 W CULLERTON ST,Chicago,IL","(41.855021, -87.6539074)"
374,"3615 W 16TH ST,Chicago,IL","(41.85858289999999, -87.7157865)"
375,"555 E 51ST ST,Chicago,IL","(41.8013958, -87.61238639999999)"
376,"1710 E 93RD ST,Chicago,IL","(41.7264906, -87.5828207)"
377,"6121 S HERMITAGE AVE,Chicago,IL","(41.7824613, -87.667909)"
378,"3400 W 65TH PL,Chicago,IL","(41.774628, -87.70833510000001)"
379,"7350 W PRATT AVE,Chicago,IL","(42.0046525, -87.8108201)"
380,"2430 E 82ND ST,Chicago,IL","(41.7462811, -87.5650344)"
381,"1330 W CHICAGO AVE,Chicago,IL","(41.8966966, -87.66140709999999)"
382,"6525 N HIAWATHA AVE,Chicago,IL","(41.9994428, -87.76183530000002)"
383,"6525 N HIAWATHA AVE,Chicago,IL","(41.9994428, -87.76183530000002)"
384,"6220 N OLCOTT AVE,Chicago,IL","(41.9942041, -87.81378470000001)"
385,"6755 N NORTHWEST HWY,Chicago,IL","(42.0040475, -87.8175957)"
386,"711 W 60TH PL,Chicago,IL","(41.784231, -87.6430642)"
387,"12900 S HALSTED ST,Chicago,IL","(41.659438, -87.64166999999999)"
388,"5165 S STATE ST,Chicago,IL","(41.8000925, -87.625787)"
389,"4815 S KARLOV AVE,Chicago,IL","(41.8053759, -87.72553649999999)"
390,"224 N CENTRAL AVE,Chicago,IL","(41.8849719, -87.7650286)"
391,"600 E 37TH ST,Chicago,IL","(41.8275296, -87.61162639999999)"
392,"5215 S WOODLAWN AVE,Chicago,IL","(41.8004125, -87.59666800000001)"
393,"3461 N TROY ST,Chicago,IL","(41.9444386, -87.706524)"
394,"5600 S EMERALD AVE,Chicago,IL","(41.792251, -87.6442469)"
395,"8301 S DAMEN AVE,Chicago,IL","(41.7421561, -87.6725764)"
396,"1820 W GRANVILLE AVE,Chicago,IL","(41.9948698, -87.6770939)"
397,"5500 W MADISON ST,Chicago,IL","(41.8809312, -87.7640378)"
398,"6201 S STEWART AVE,Chicago,IL","(41.7820213, -87.6342184)"
399,"4223 W 25TH ST,Chicago,IL","(41.8457328, -87.7302289)"
400,"2230 W CORTLAND ST,Chicago,IL","(41.9161135, -87.6831924)"
401,"3600 W FIFTH AVE,Chicago,IL","(41.87607939999999, -87.71646849999999)"
402,"1405 N WASHTENAW AVE,Chicago,IL","(41.9069483, -87.6941154)"
403,"710 W 61ST PL,Chicago,IL","(41.782774, -87.6430759)"
404,"1865 W MONTVALE AVE,Chicago,IL","(41.689107, -87.669517)"
405,"520 N MARSHFIELD STREET,Chicago,IL","(41.8914182, -87.6688319)"
406,"7687 S SOUTH CHICAGO AVE,Chicago,IL","(41.7549485, -87.5900638)"
407,"9800 S PARNELL AVE,Chicago,IL","(41.7157214, -87.6375936)"
408,"1707 N LA SALLE ST,Chicago,IL","(41.9132237, -87.6332098)"
409,"9130 S VINCENNES AVE,Chicago,IL","(41.7281366, -87.64854489999999)"
410,"3419 S BELL AVE,Chicago,IL","(41.83173910000001, -87.68109489999999)"
411,"3537 S PAULINA ST,Chicago,IL","(41.8290346, -87.66755839999999)"
412,"631 W BELMONT AVE,Chicago,IL","(41.93986779999999, -87.6456551)"
413,"9811 S LOWE AVE,Chicago,IL","(41.7156457, -87.63896930000001)"
414,"9814 S EWING AVE,Chicago,IL","(41.7172417, -87.5352767)"
415,"7946 S ASHLAND AVE,Chicago,IL","(41.7490917, -87.6637731)"
416,"6201 S FAIRFIELD AVE,Chicago,IL","(41.7806058, -87.69160629999999)"
417,"3020 N LAMON AVE,Chicago,IL","(41.9355906, -87.7506105)"
418,"3250 W MONROE ST,Chicago,IL","(41.8798883, -87.7082623)"
419,"5414 N LINDER AVE,Chicago,IL","(41.9802178, -87.76656679999999)"
420,"2345 S CHRISTIANA AVE,Chicago,IL","(41.8493374, -87.7083014)"
421,"1750 E 78TH ST,Chicago,IL","(41.7535399, -87.5813204)"
422,"2012 W BELMONT AVE,Chicago,IL","(41.939563, -87.67915939999999)"
423,"11220 S WALLACE ST,Chicago,IL","(41.6896803, -87.63835449999999)"
424,"1415 E 70TH ST,Chicago,IL","(41.7673044, -87.5902468)"
425,"10436 S WALLACE ST,Chicago,IL","(41.7042165, -87.6383391)"
426,"10041 S UNION AVE,Chicago,IL","(41.7110227, -87.6402505)"
427,"9501 S EGGLESTON AVE,Chicago,IL","(41.7215108, -87.63395969999999)"
428,"7019 N ASHLAND BL,Chicago,IL","(42.00962810000001, -87.6694199)"
429,"5100 N RIDGEWAY AVE,Chicago,IL","(41.9739865, -87.7223829)"
430,"1822 W LARCHMONT AVE,Chicago,IL","(41.953537, -87.675045)"
431,"2332 S WESTERN AVE,Chicago,IL","(41.8494453, -87.6869415)"
432,"6145 S INGLESIDE AVE,Chicago,IL","(41.7828402, -87.60273699999999)"
433,"2554 W MOFFAT ST,Chicago,IL","(41.9148126, -87.69190929999999)"
434,"6600 S WOODLAWN AVE,Chicago,IL","(41.7750194, -87.59606149999999)"
435,"3235 N LECLAIRE AVE,Chicago,IL","(41.9397716, -87.7527327)"
436,"5073 W BERWYN AVE,Chicago,IL","(41.977859, -87.7540999)"
437,"9025 S THROOP ST,Chicago,IL","(41.7299219, -87.65497289999999)"
438,"1313 S THROOP ST,Chicago,IL","(41.864722, -87.6588229)"
439,"1400 W 84TH ST,Chicago,IL","(41.7413927, -87.6583636)"
440,"8530 S WOOD ST,Chicago,IL","(41.7386327, -87.6685596)"
441,"751 N STATE ST,Chicago,IL","(41.8964647, -87.62761069999999)"
442,"330 W WEBSTER AVE,Chicago,IL","(41.92319519999999, -87.6384928)"
443,"328 W 69TH ST,Chicago,IL","(41.7692969, -87.6337463)"
444,"1449 S KOLIN AVE,Chicago,IL","(41.861171, -87.7335878)"
445,"225 W EVERGREEN AVE,Chicago,IL","(41.9060674, -87.6359593)"
446,"4027 W GRENSHAW ST,Chicago,IL","(41.8668215, -87.7262167)"
447,"1409 N OGDEN AVE,Chicago,IL","(41.907126, -87.6461697)"
448,"4214 S ST LAWRENCE AVE,Chicago,IL","(41.8180574, -87.61232790000001)"
449,"331 W 45TH ST,Chicago,IL","(41.8122536, -87.63460839999999)"
450,"5300 S HERMITAGE AVE,Chicago,IL","(41.7971263, -87.6687067)"
451,"2010 N CENTRAL PARK AVE,Chicago,IL","(41.9177477, -87.7171339)"
452,"2415 W 55TH ST,Chicago,IL","(41.7938644, -87.68454709999999)"
453,"5630 S ROCKWELL ST,Chicago,IL","(41.7910307, -87.6897308)"
454,"7631 N ASHLAND AVE,Chicago,IL","(42.020606, -87.6707064)"
455,"1631 W JONQUIL TER,Chicago,IL","(42.0206137, -87.6713468)"
456,"5729 W BLOOMINGDALE AVE,Chicago,IL","(41.9124286, -87.76898550000001)"
457,"820 S CARPENTER ST,Chicago,IL","(41.871056, -87.65372740000001)"
458,"10347 S EWING AVE,Chicago,IL","(41.7068834, -87.5349293)"
459,"1035 W 117TH ST,Chicago,IL","(41.6813598, -87.6482073)"
460,"100 N CENTRAL PARK DR,Chicago,IL","(41.8814165, -87.715873)"
461,"220 WEST 45TH PLACE,Chicago,IL","(41.8118355, -87.6321122)"
462,"1520 W POLK ST,Chicago,IL","(41.8716496, -87.6652757)"
463,"10309 S MORGAN ST,Chicago,IL","(41.7065861, -87.6471333)"
464,"5225 N OAK PARK AVE,Chicago,IL","(41.9760619, -87.7958862)"
465,"3740 W 31ST ST,Chicago,IL","(41.83787969999999, -87.7187629)"
466,"810 E 103RD ST,Chicago,IL","(41.7082497, -87.6031819)"
467,"4925 N LINCOLN,Chicago,IL","(41.971689, -87.69017730000002)"
468,"800 W BUENA AVE,Chicago,IL","(41.9587256, -87.65024849999999)"
469,"7831 S LAWNDALE AVE,Chicago,IL","(41.7505657, -87.71335619999999)"
470,"3611 E 114TH ST,Chicago,IL","(41.687708, -87.5359574)"
471,"825 W SHERIDAN RD,Chicago,IL","(41.952355, -87.6505937)"
472,"9301 S STATE ST,Chicago,IL","(41.7252002, -87.6231245)"
473,"3432 W 15TH ST,Chicago,IL","(41.8608428, -87.7116411)"
474,"5421 N MENARD AVE,Chicago,IL","(41.9791707, -87.7730539)"
475,"1231 S DAMEN AVE,Chicago,IL","(41.8653843, -87.67574019999999)"
476,"3307 W GLADYS AVE,Chicago,IL","(41.87621120000001, -87.70873689999999)"
477,"4647 W 47TH ST,Chicago,IL","(41.8074018, -87.7401728)"
478,"5259 S MAJOR AVE,Chicago,IL","(41.7966195, -87.76458799999999)"
479,"2236 N ROCKWELL ST,Chicago,IL","(41.922683, -87.6932528)"
480,"7053 N GLENWOOD AVE,Chicago,IL","(42.0109824, -87.66586699999999)"
481,"4257 W ADAMS ST,Chicago,IL","(41.8775566, -87.7319598)"
482,"500 E 130TH ST,Chicago,IL","(41.65912609999999, -87.60969659999999)"
483,"12302 S STATE ST,Chicago,IL","(41.6705466, -87.62318929999999)"
484,"4222 W FOSTER AVE,Chicago,IL","(41.9762899, -87.7366662)"
485,"2040 W 62ND ST,Chicago,IL","(41.7816454, -87.6756705)"
486,"4648 N MALDEN ST,Chicago,IL","(41.966724, -87.66300100000001)"
487,"3633 N CALIFORNIA AVE,Chicago,IL","(41.9480946, -87.6973069)"
488,"1255 N ASTOR ST,Chicago,IL","(41.9052359, -87.6271677)"
489,"5120 N WINTHROP AVE,Chicago,IL","(41.9757851, -87.6582002)"
490,"2725 N LARAMIE AVE,Chicago,IL","(41.9303398, -87.7560436)"
491,"4106 W 28TH ST,Chicago,IL","(41.8407426, -87.72709610000001)"
492,"4436 S UNION AVE,Chicago,IL","(41.8134222, -87.6432306)"
493,"2347 S WABASH AVE,Chicago,IL","(41.8495905, -87.625416)"
494,"3531 W GRAND AVE,Chicago,IL","(41.901576, -87.7148699)"
495,"7655 S INGLESIDE AVE,Chicago,IL","(41.7556929, -87.6012188)"
496,"5445 N CHESTER ST,Chicago,IL","(41.978035, -87.83906089999999)"
497,"145 S CAMPBELL AVE,Chicago,IL","(41.8791604, -87.6882174)"
498,"2850 W AVONDALE AVE,Chicago,IL","(41.9370397, -87.7051199)"
499,"1518 W 102ND PL,Chicago,IL","(41.7074349, -87.66044509999999)"
500,"3730 N LARAMIE AVE,Chicago,IL","(41.9490944, -87.75741289999999)"
501,"832 W SHERIDAN RD,Chicago,IL","(41.9531958, -87.6507632)"
502,"6500 N ALGONQUIN AVE,Chicago,IL","(41.9991496, -87.7660485)"
503,"2650 W PETERSON AVE,Chicago,IL","(41.9906437, -87.6962041)"
504,"1150 W 96TH ST,Chicago,IL","(41.7195222, -87.65239419999999)"
505,"1729 N KILDARE AVE,Chicago,IL","(41.9116005, -87.73370179999999)"
506,"3525 S HONORE ST,Chicago,IL","(41.8296803, -87.6712481)"
507,"3625 S HOYNE AVE,Chicago,IL","(41.8278556, -87.6776525)"
508,"3715 W POLK ST,Chicago,IL","(41.8703954, -87.71853519999999)"
509,"8524 S GREEN ST,Chicago,IL","(41.7387531, -87.6453401)"
510,"5450 W 64TH PL,Chicago,IL","(41.7756473, -87.7584057)"
511,"12810 S ESCANABA AVE,Chicago,IL","(41.662351, -87.55353749999999)"
512,"2708 W LAWRENCE AVE,Chicago,IL","(41.9687002, -87.6966492)"
513,"7141 S MORGAN ST,Chicago,IL","(41.7636438, -87.6489991)"
514,"4420 S SACRAMENTO AVE,Chicago,IL","(41.8132768, -87.69924379999999)"
515,"2402 N WASHTENAW AVE,Chicago,IL","(41.9251779, -87.6952498)"
516,"247 W 23RD PL,Chicago,IL","(41.84976150000001, -87.6339015)"
517,"6140 S MELVINA AVE,Chicago,IL","(41.7804544, -87.7769521)"
518,"6140 S MELVINA AVE,Chicago,IL","(41.7804544, -87.7769521)"
519,"4930 S COTTAGE GROVE AVE,Chicago,IL","(41.8049928, -87.6071644)"
520,"11411 S EGGLESTON AVE,Chicago,IL","(41.6863684, -87.63340769999999)"
521,"513 W 72ND ST,Chicago,IL","(41.7628279, -87.63769239999999)"
522,"1650 W CORNELIA AVE,Chicago,IL","(41.9454775, -87.6706494)"
523,"3035 N HOYNE AVE,Chicago,IL","(41.9370863, -87.6805212)"
524,"4747 S BISHOP ST,Chicago,IL","(41.8072923, -87.6609932)"
525,"2819 W 21ST PL,Chicago,IL","(41.8525332, -87.6958882)"
526,"3434 W 77TH ST,Chicago,IL","(41.75377640000001, -87.7089941)"
527,"4034 W 56TH ST,Chicago,IL","(41.7919803, -87.72493779999999)"
528,"3021 W DEVON AVE,Chicago,IL","(41.9970869, -87.70534610000001)"
529,"5635 S INDIANA AVE,Chicago,IL","(41.7920273, -87.6207767)"
530,"5411 W FULLERTON AVE,Chicago,IL","(41.92332510000001, -87.7621296)"
531,"3921 W DIVISION ST,Chicago,IL","(41.9026929, -87.72489)"
532,"4912 S CALUMET AVE,Chicago,IL","(41.8050726, -87.61805389999999)"
533,"9652 S MICHIGAN AVE,Chicago,IL","(41.7181944, -87.62127720000001)"
534,"6520 S WOOD ST,Chicago,IL","(41.7749901, -87.6695661)"
535,"6701 S LOWE AVE,Chicago,IL","(41.772516, -87.64029699999999)"
536,"6200 S DREXEL AVE,Chicago,IL","(41.7819343, -87.604879)"
537,"1824 S WOOD ST,Chicago,IL","(41.8569085, -87.671916)"
538,"4464 S OAKENWALD AVE,Chicago,IL","(41.8140265, -87.5953297)"
539,"1556 E 56TH ST,Chicago,IL","(41.793697, -87.5867468)"
540,"7525 S HARVARD AVE,Chicago,IL","(41.7576032, -87.6323572)"
541,"4540 N HAMLIN AVE,Chicago,IL","(41.9637367, -87.72362799999999)"
542,"3729 W LELAND ST,Chicago,IL","(41.9661979, -87.7218245)"
543,"3319 N CLIFTON AVE,Chicago,IL","(41.9422972, -87.65751519999999)"
544,"1018 N LARAMIE AVE,Chicago,IL","(41.8994959, -87.7562501)"
545,"2936 W 85TH ST,Chicago,IL","(41.7390058, -87.697062)"
546,"1518 W GRANVILLE AVE,Chicago,IL","(41.9947363, -87.66849959999999)"
547,"5949 W HURON ST,Chicago,IL","(41.892661, -87.7741006)"
548,"3010 S PARNELL AVE,Chicago,IL","(41.8392179, -87.64083889999999)"
549,"4640 S LAMON AVE,Chicago,IL","(41.80856259999999, -87.7461579)"
550,"4735 S WINCHESTER AVE,Chicago,IL","(41.8076877, -87.6734511)"
551,"1954 W 48TH ST,Chicago,IL","(41.8069588, -87.67365300000002)"
552,"4409 W WILCOX ST,Chicago,IL","(41.8783168, -87.736047)"
553,"5650 S WOLCOTT AVE,Chicago,IL","(41.7907609, -87.67241890000001)"
554,"4316 S PRINCETON AVE,Chicago,IL","(41.8159706, -87.6338782)"
555,"4250 N ST LOUIS AVE,Chicago,IL","(41.9586697, -87.71592419999999)"
556,"931 S HOMAN AVE,Chicago,IL","(41.8692274, -87.710009)"
557,"1326 S AVERS AVE,Chicago,IL","(41.8636018, -87.72180999999999)"
558,"2131 W MONROE ST,Chicago,IL","(41.8796875, -87.6806019)"
559,"610_30 W ADAMS ST,Chicago,IL","(41.8796139, -87.64317299999999)"
560,"5839 S WOOD ST,Chicago,IL","(41.7872259, -87.668464)"
561,"2240 N KILBOURN AVE,Chicago,IL","(41.9220571, -87.7395626)"
562,"3510 W 55TH ST,Chicago,IL","(41.7938358, -87.7119563)"
563,"8344 S COMMERCIAL AVE,Chicago,IL","(41.7441524, -87.5530386)"
564,"3711 W DOUGLAS BL,Chicago,IL","(41.86150070000001, -87.7183603)"
565,"1401 S HAMLIN AVE,Chicago,IL","(41.8620834, -87.72017699999999)"
566,"8029 W FOREST PRESERVE AVE,Chicago,IL","(41.9439797, -87.8277079)"
567,"3244 W AINSLIE ST,Chicago,IL","(41.970866, -87.7103849)"
568,"4834 N WINTHROP AVE,Chicago,IL","(41.970152, -87.658052)"
569,"11710 S MORGAN ST,Chicago,IL","(41.6809259, -87.64743779999999)"
570,"644 W 71ST ST,Chicago,IL","(41.7655732, -87.64138129999999)"
571,"7740 S INGLESIDE AVE,Chicago,IL","(41.7542233, -87.60162810000001)"
572,"5625 N MC VICKER AVE,Chicago,IL","(41.983825, -87.77861899999999)"
573,"7221 S DOBSON AVE,Chicago,IL","(41.763423, -87.59940759999999)"
574,"1607 E 73RD ST,Chicago,IL","(41.7624023, -87.585577)"
575,"1104 W 31ST ST,Chicago,IL","(41.838398, -87.654055)"
576,"4052 S ELLIS AVE,Chicago,IL","(41.8204261, -87.602851)"
577,"3312 W THORNDALE AVE,Chicago,IL","(41.9884845, -87.7122215)"
578,"7566 S SOUTH SHORE DR,Chicago,IL","(41.7588071, -87.5559803)"
579,"955 W GARFIELD BL,Chicago,IL","(41.7936529, -87.64959619999999)"
580,"2200 N OAKLEY AVE,Chicago,IL","(41.9216453, -87.6850872)"
581,"750 E 40TH ST,Chicago,IL","(41.8214902, -87.60770939999999)"
582,"3415 W ARTHINGTON ST,Chicago,IL","(41.8696937, -87.7117741)"
583,"4325 S RICHMOND ST,Chicago,IL","(41.81493409999999, -87.6977459)"
584,"1335 W 115TH ST,Chicago,IL","(41.684637, -87.655811)"
585,"1443 W DIVISION ST,Chicago,IL","(41.9029929, -87.6642454)"
586,"1900 W TAYLOR ST,Chicago,IL","(41.8694558, -87.67397659999999)"
587,"2148 S HOMAN AVE,Chicago,IL","(41.852127, -87.7104729)"
588,"4637 S CHAMPLAIN AVE,Chicago,IL","(41.810148, -87.60987500000002)"
589,"5515 S LOWE AVE,Chicago,IL","(41.7933941, -87.64087909999999)"
590,"1628 W WASHINGTON BLVD,Chicago,IL","(41.883751, -87.6679178)"
591,"6416 SO WASHTENAW,Chicago,IL","(41.7768811, -87.69120120000001)"
592,"3035 W VAN BUREN ST,Chicago,IL","(41.8756579, -87.7033878)"
593,"1422 S HAMLIN AVE,Chicago,IL","(41.861877, -87.720512)"
594,"2741 W MONTROSE AVE,Chicago,IL","(41.96055399999999, -87.6977103)"
595,"5001 S COTTAGE GROVE AVE,Chicago,IL","(41.8040531, -87.6064438)"
596,"720 N LOREL AVE,Chicago,IL","(41.89354669999999, -87.7599539)"
597,"1616 S SPAULDING AVE,Chicago,IL","(41.8584975, -87.7084493)"
598,"8905 S CRANDON AVE,Chicago,IL","(41.7331395, -87.5677262)"
599,"3417 S HAMILTON AVE,Chicago,IL","(41.8316338, -87.6788017)"
600,"4950 W HUBBARD ST,Chicago,IL","(41.888903, -87.75003099999999)"
601,"6200 S HAMLIN AVE,Chicago,IL","(41.7805453, -87.71790159999999)"
602,"6200 S KIMBARK AVE,Chicago,IL","(41.782198, -87.595134)"
603,"1808 W 99TH ST,Chicago,IL","(41.71417599999999, -87.66787699999999)"
604,"4247 W 15TH ST,Chicago,IL","(41.8605835, -87.7325458)"
605,"226 W 104TH ST,Chicago,IL","(41.7052674, -87.62896119999999)"
606,"632 W 31ST ST,Chicago,IL","(41.8380774, -87.6427156)"
607,"1400 N HUMBOLDT DR,Chicago,IL","(41.9066384, -87.70143089999999)"
608,"1847 N HUMBOLDT BL,Chicago,IL","(41.9152275, -87.7012704)"
609,"5946 S PRAIRIE AVE,Chicago,IL","(41.786164, -87.61948799999999)"
610,"1901 W 100TH ST,Chicago,IL","(41.7120344, -87.66889979999999)"
611,"3849 W 69TH PL,Chicago,IL","(41.7664033, -87.7191981)"
612,"6220 S STONY ISLAND AVE,Chicago,IL","(41.7821436, -87.5872366)"
613,"5933 N LINCOLN AVE,Chicago,IL","(41.98922150000001, -87.7049399)"
614,"6435 W BELMONT AVE,Chicago,IL","(41.9380041, -87.7875509)"
615,"1431 N PARK AVE,Chicago,IL","(41.9083708, -87.6359598)"
616,"8739 S EXCHANGE AVE,Chicago,IL","(41.735851, -87.5527832)"
617,"7263 W TALCOTT AVE,Chicago,IL","(41.9863153, -87.8089803)"
618,"3820 N SPAULDING AVE,Chicago,IL","(41.9507422, -87.7107276)"
619,"3945 N SPRINGFIELD AVE,Chicago,IL","(41.9534394, -87.7248517)"
620,"2500 W LUNT AVE,Chicago,IL","(42.0086904, -87.6923717)"
621,"6010 W MATSON AVE,Chicago,IL","(41.9929198, -87.7784161)"
622,"122 S MICHIGAN AVE,Chicago,IL","(41.8799204, -87.6248116)"
623,"8700 W BRYN MAWR AVE,Chicago,IL","(41.9828932, -87.84330740000001)"
624,"749 S OAKLEY BL,Chicago,IL","(41.8717354, -87.6832998)"
625,"3815 N KEDVALE AVE,Chicago,IL","(41.9504273, -87.73052659999999)"
626,"8385 S BIRKHOFF AVE,Chicago,IL","(41.7419418, -87.63940989999999)"
627,"4319 S INDIANA AVE,Chicago,IL","(41.8159852, -87.6213846)"
628,"1340 W HARRISON ST,Chicago,IL","(41.87476849999999, -87.66111649999999)"
629,"917 W 88TH ST,Chicago,IL","(41.7338455, -87.6469571)"
630,"4674 N VIRGINIA AVE,Chicago,IL","(41.9664309, -87.6980445)"
631,"2731 S ELEANOR ST,Chicago,IL","(41.8438708, -87.661141)"
632,"3149 N WOLCOTT AVE,Chicago,IL","(41.9390936, -87.67531249999999)"
633,"1504 S ALBANY AVE,Chicago,IL","(41.8611098, -87.70341719999999)"
634,"5650 N MOZART ST,Chicago,IL","(41.9844136, -87.70096590000001)"
635,"1814 S UNION AVE,Chicago,IL","(41.8570285, -87.6451072)"
636,"3111 W FULTON BLVD,Chicago,IL","(41.886112, -87.70418699999999)"
637,"1640 S JEFFERSON ST,Chicago,IL","(41.858778, -87.64218799999999)"
638,"4822 N LONG AVE,Chicago,IL","(41.9687027, -87.76276279999999)"
639,"3740 W BELDEN AVE,Chicago,IL","(41.922993, -87.7212713)"
640,"1009 N CLEVELAND AVE,Chicago,IL","(41.9005972, -87.6411033)"
641,"4600 N LAWNDALE AVE,Chicago,IL","(41.9656189, -87.721081)"
642,"3030 W HARRISON ST,Chicago,IL","(41.8740779, -87.70217)"
643,"3145 W PRATT AVE,Chicago,IL","(42.00367749999999, -87.708897)"
644,"3200 W PETERSON AVE,Chicago,IL","(41.9912637, -87.7099708)"
645,"6936 S HERMITAGE AVE,Chicago,IL","(41.7678338, -87.6675642)"
646,"1420 S ALBANY AVE,Chicago,IL","(41.861866, -87.7034175)"
647,"1240 S PLYMOUTH CT,Chicago,IL","(41.8663563, -87.6284735)"
648,"606 S STATE ST,Chicago,IL","(41.8743132, -87.6279679)"
649,"1023 W WRIGHTWOOD AVE,Chicago,IL","(41.9289875, -87.6546221)"
650,"7931 S HONORE ST,Chicago,IL","(41.7494853, -87.66908699999999)"
651,"7414 N WOLCOTT AVE,Chicago,IL","(42.0170855, -87.67803099999999)"
652,"1501 N OAKLEY BL,Chicago,IL","(41.9092512, -87.68409079999999)"
653,"1315 S BLUE ISLAND AVE,Chicago,IL","(41.864954, -87.654696)"
654,"2150 S LAFLIN ST,Chicago,IL","(41.853725, -87.6636381)"
655,"10330 S ELIZABETH ST,Chicago,IL","(41.70594639999999, -87.65424)"
656,"345 W 64TH ST,Chicago,IL","(41.7780209, -87.63434889999999)"
657,"1746 S MILLER ST,Chicago,IL","(41.8586458, -87.6525551)"
658,"3656 N GREENVIEW AVE,Chicago,IL","(41.94863, -87.66647069999999)"
659,"11024 S BELL AVE,Chicago,IL","(41.6937764, -87.67716240000001)"
660,"5036 S BLACKSTONE AVE,Chicago,IL","(41.803162, -87.590881)"
661,"2233 S KEDZIE AVE,Chicago,IL","(41.8504537, -87.70459220000001)"
662,"4140 W HIRSCH ST,Chicago,IL","(41.9062317, -87.73042769999999)"
663,"1243 S KEELER AVE,Chicago,IL","(41.8648574, -87.73003469999999)"
664,"3020 W 108TH ST,Chicago,IL","(41.697413, -87.6969168)"
665,"751 S SACRAMENTO BL,Chicago,IL","(41.8713107, -87.7006143)"
666,"9241 S LEAVITT ST,Chicago,IL","(41.7252339, -87.6768077)"
667,"3201 W CHICAGO AVE,Chicago,IL","(41.8955426, -87.7065492)"
668,"3800 N SEMINARY AVE,Chicago,IL","(41.9510956, -87.6568135)"
669,"2725 W 41ST ST,Chicago,IL","(41.8190606, -87.6938068)"
670,"4136 S CALIFORNIA AVE,Chicago,IL","(41.8186133, -87.6951172)"
671,"4438 W WRIGHTWOOD AVE,Chicago,IL","(41.928971, -87.7381063)"
672,"4343 W WRIGHTWOOD AVE,Chicago,IL","(41.92722490000001, -87.7360376)"
673,"3141 N KENMORE AVE,Chicago,IL","(41.939312, -87.65530299999999)"
674,"11320 S WESTERN AVE,Chicago,IL","(41.6871472, -87.68173019999999)"
675,"6325 W 56TH ST,Chicago,IL","(41.7902256, -87.78031639999999)"
676,"4434 S LAKE PARK AVE,Chicago,IL","(41.8142925, -87.5972855)"
677,"345 E 118TH ST,Chicago,IL","(41.6799322, -87.6161269)"
678,"2945 N KENOSHA AVE,Chicago,IL","(41.93488809999999, -87.73366329999999)"
679,"5015 S BLACKSTONE AVE,Chicago,IL","(41.8035048, -87.5900132)"
680,"1330 E 50TH ST,Chicago,IL","(41.8047591, -87.5943398)"
681,"6450 S LOWE AVE,Chicago,IL","(41.776679, -87.6413967)"
682,"517 N PARKSIDE AVE,Chicago,IL","(41.890019, -87.76607399999999)"
683,"1655 N KEYSTONE AVE,Chicago,IL","(41.9114723, -87.7275949)"
684,"3501 N KILBOURN AVE,Chicago,IL","(41.9446117, -87.7394581)"
685,"6700 N GREENVIEW AVE,Chicago,IL","(42.0041902, -87.6684729)"
686,"740 S CAMPBELL AVE,Chicago,IL","(41.8717523, -87.68962230000001)"
687,"1212 W 77TH ST,Chicago,IL","(41.7541202, -87.6543617)"
688,"4445 S DREXEL BL,Chicago,IL","(41.8138729, -87.60296009999999)"
689,"5200 W KINZIE ST,Chicago,IL","(41.8878055, -87.7553167)"
690,"5625 S MOBILE AVE,Chicago,IL","(41.7902142, -87.77902429999999)"
691,"9351 S LOWE AVE,Chicago,IL","(41.7237047, -87.6390588)"
692,"4820 W WALTON ST,Chicago,IL","(41.8979858, -87.7469217)"
693,"3315 W CARMEN AVE,Chicago,IL","(41.97362469999999, -87.7110707)"
694,"10414 S STATE ST,Chicago,IL","(41.7048032, -87.6240471)"
695,"4143 N KOLMAR AVE,Chicago,IL","(41.9570303, -87.7418483)"
696,"6156 N CLAREMONT AVE,Chicago,IL","(41.9939266, -87.6885398)"
697,"2732 N AVERS AVE,Chicago,IL","(41.9315116, -87.7237361)"
698,"936 E 54TH ST,Chicago,IL","(41.7984806, -87.6023927)"
699,"10558 S AVE L,Chicago,IL","(41.7028549, -87.5368764)"
700,"1635 W 33RD PL,Chicago,IL","(41.8330466, -87.6666722)"
701,"901 E 95TH ST,Chicago,IL","(41.7220856, -87.60086989999999)"
702,"1720 W 87TH ST,Chicago,IL","(41.736052, -87.6663669)"
703,"1132 S HOMAN AVE,Chicago,IL","(41.86712319999999, -87.7109965)"
704,"1333 N LARAMIE AVE,Chicago,IL","(41.90531439999999, -87.7552631)"
705,"2714 W AUGUSTA BL,Chicago,IL","(41.8994704, -87.6948413)"
706,"3113 S RHODES AVE,Chicago,IL","(41.8378996, -87.61336430000001)"
707,"254 E CHICAGO AVE,Chicago,IL","(41.896789, -87.6206212)"
708,"300 W HILL ST,Chicago,IL","(41.9032652, -87.6361178)"
709,"5611 N CLARK ST,Chicago,IL","(41.9839098, -87.6685299)"
710,"716 W ADDISON ST,Chicago,IL","(41.94757269999999, -87.6478523)"
711,"4015 N ASHLAND AVE,Chicago,IL","(41.9552279, -87.6686125)"
712,"1400 W 109TH ST,Chicago,IL","(41.6958166, -87.65710220000001)"
713,"2501 W ADDISON ST,Chicago,IL","(41.945431, -87.690618)"
714,"1754 W ALBION AVE,Chicago,IL","(42.0016337, -87.67452180000001)"
715,"700 E 113TH ST,Chicago,IL","(41.689016, -87.603093)"
716,"4619 S WOLCOTT AVE,Chicago,IL","(41.81005500000001, -87.6722915)"
717,"1734 N ORLEANS ST,Chicago,IL","(41.9138171, -87.63804300000001)"
718,"1440 S CHRISTIANA AVE,Chicago,IL","(41.861415, -87.709653)"
719,"59 W NORTH BL,Chicago,IL","(41.9107716, -87.6312389)"
720,"1531 N DEARBORN PKWY,Chicago,IL","(41.910463, -87.62978690000001)"
721,"2001 S CALIFORNIA AVE,Chicago,IL","(41.8546431, -87.69524609999999)"
722,"138 W 109TH ST,Chicago,IL","(41.696449, -87.62705679999999)"
723,"5210 W 64TH ST,Chicago,IL","(41.7760009, -87.75244070000001)"
724,"3500 W DOUGLAS BL,Chicago,IL","(41.8631549, -87.7132915)"
725,"9928 S CRANDON AVE,Chicago,IL","(41.7092873, -87.5665387)"
726,"4833 N FRANCISCO AVE,Chicago,IL","(41.9695232, -87.70005429999999)"
727,"1257 W COLUMBIA AVE,Chicago,IL","(42.0044954, -87.6630931)"
728,"5116 W 44TH ST,Chicago,IL","(41.8129778, -87.7526003)"
729,"5911 W MIDWAY PARK,Chicago,IL","(41.888698, -87.77265299999999)"
730,"3700 W 87TH ST,Chicago,IL","(41.735266, -87.714333)"
731,"6448 S TRIPP AVE,Chicago,IL","(41.7753601, -87.7293478)"
732,"3100 W BRYN MAWR AVE,Chicago,IL","(41.9830805, -87.70685979999999)"
733,"5221 W CONGRESS PKWY,Chicago,IL","(41.8739211, -87.75558079999999)"
734,"7526 S LOWE AVE,Chicago,IL","(41.7567282, -87.6408135)"
735,"851 W WAVELAND AVE,Chicago,IL","(41.9487247, -87.65127)"
736,"8101 S LA SALLE ST,Chicago,IL","(41.7466777, -87.6275455)"
737,"7901 S SANGAMON ST,Chicago,IL","(41.7503284, -87.64707349999999)"
738,"7000 N SACRAMENTO AVE,Chicago,IL","(42.0097216, -87.7044793)"
739,"462 N PINE AVE,Chicago,IL","(41.8891912, -87.76334609999999)"
740,"1431 N LEAMINGTON AVE,Chicago,IL","(41.9070671, -87.75431859999999)"
741,"5300 S LOOMIS BL,Chicago,IL","(41.7972148, -87.6600442)"
742,"6207 S UNIVERSITY AVE,Chicago,IL","(41.7821475, -87.5976348)"
743,"632 W 71ST ST,Chicago,IL","(41.7651164, -87.6398945)"
744,"2410 S TRUMBULL AVE,Chicago,IL","(41.847536, -87.71156200000001)"
745,"1735 S STATE ST,Chicago,IL","(41.8585918, -87.6271587)"
746,"615 W KEMPER PL,Chicago,IL","(41.9243523, -87.6445328)"
747,"2001 N ORCHARD ST,Chicago,IL","(41.9191218, -87.64555089999999)"
748,"6054 S DAMEN AVE,Chicago,IL","(41.7834138, -87.6746801)"
749,"6130 S WOLCOTT AVE,Chicago,IL","(41.78208730000001, -87.67215379999999)"
750,"1139 N PULASKI RD,Chicago,IL","(41.9021446, -87.7262842)"
751,"3221 N SACRAMENTO AVE,Chicago,IL","(41.9402447, -87.70213559999999)"
752,"5117 N LINCOLN AVE,Chicago,IL","(41.9747178, -87.6916906)"
753,"2324 WEST 111TH ST,Chicago,IL","(41.69208160000001, -87.6797594)"
754,"10809 S AVE F,Chicago,IL","(41.6987467, -87.5302035)"
755,"2251 W 50TH PL,Chicago,IL","(41.8018799, -87.68150949999999)"
756,"2620 S LAWNDALE AVE,Chicago,IL","(41.8429471, -87.7175044)"
757,"3120 S KOSTNER AVE,Chicago,IL","(41.8351557, -87.73557369999999)"
758,"9511 S COMMERCIAL AVE,Chicago,IL","(41.7225637, -87.5509527)"
759,"2103 N LAMON AVE,Chicago,IL","(41.919018, -87.7482678)"
760,"2845 N NEWCASTLE AVE,Chicago,IL","(41.9316111, -87.79638279999999)"
761,"3125 W JACKSON BL,Chicago,IL","(41.8773313, -87.7042877)"
762,"3212 W GEORGE ST,Chicago,IL","(41.9342571, -87.70799070000001)"
763,"3432 W 18TH ST,Chicago,IL","(41.8571839, -87.71153489999999)"
764,"3231 N. SPRINGFIELD AVE,Chicago,IL","(41.9400535, -87.7242263)"
765,"3344 W 79TH ST,Chicago,IL","(41.7500187, -87.7067368)"
766,"6333 W BLOOMINGDALE AVE,Chicago,IL","(41.9126297, -87.78426280000001)"
767,"5203 S LOWE AVE,Chicago,IL","(41.7995956, -87.6416314)"
768,"3320 W HIRSCH ST,Chicago,IL","(41.9067042, -87.71053189999999)"
769,"1501 N GREENVIEW AVE,Chicago,IL","(41.90920190000001, -87.66477520000001)"
770,"1424 N CLEAVER ST,Chicago,IL","(41.90779029999999, -87.6647351)"
771,"2756 W MORSE AVE,Chicago,IL","(42.0069136, -87.6995628)"
772,"6350 N WHIPPLE ST,Chicago,IL","(41.9972629, -87.7060951)"
773,"10021 S LUELLA AVE,Chicago,IL","(41.7129127, -87.5682047)"
774,"5558 S GREEN ST,Chicago,IL","(41.7925922, -87.64633359999999)"
775,"2239 W LUNT AVE,Chicago,IL","(42.0087052, -87.687484)"
776,"5700 W BERTEAU AVE,Chicago,IL","(41.9574434, -87.7703645)"
777,"3130 W 87TH ST,Chicago,IL","(41.735285, -87.7003654)"
778,"613 W BITTERSWEET PL,Chicago,IL","(41.9552378, -87.646237)"
779,"4300 W IRVING PARK RD,Chicago,IL","(41.953954, -87.7359769)"
780,"7700 S WALLACE ST,Chicago,IL","(41.7542973, -87.6398482)"
781,"2941 N MC VICKER AVE,Chicago,IL","(41.934333, -87.77688859999999)"
782,"3800 S RHODES AVE,Chicago,IL","(41.8256695, -87.61439709999999)"
783,"3202 W 28TH ST,Chicago,IL","(41.841524, -87.7052983)"
784,"7433 S DORCHESTER AVE,Chicago,IL","(41.7600198, -87.5904492)"
785,"3228 W FLOURNOY ST,Chicago,IL","(41.8727598, -87.7071345)"
786,"5426 S SHIELDS AVE,Chicago,IL","(41.79545400000001, -87.6345319)"
787,"900 E PERSHING RD.,Chicago,IL","(41.8236861, -87.6074701)"
788,"1420 N HUDSON AVE,Chicago,IL","(41.907759, -87.6402971)"
789,"2935 W POLK ST,Chicago,IL","(41.8705589, -87.6997119)"
790,"3035 E 130TH ST,Chicago,IL","(41.6591714, -87.549461)"
791,"8050 S CHAPPEL AVE,Chicago,IL","(41.7488009, -87.5754114)"
792,"2047 N SPAULDING AVE,Chicago,IL","(41.9187159, -87.71027219999999)"
793,"1640 N MAPLEWOOD AVE,Chicago,IL","(41.9112273, -87.6909058)"
794,"230 N KOLMAR AVE,Chicago,IL","(41.8842896, -87.7394384)"
795,"6727 S CALIFORNIA AVE,Chicago,IL","(41.7709745, -87.69251009999999)"
796,"1031 N RUSH ST,Chicago,IL","(41.901786, -87.6277908)"
797,"4200 W 115TH ST,Chicago,IL","(41.6848219, -87.72404379999999)"
798,"6734 S KEDZIE AVE,Chicago,IL","(41.7709893, -87.7030318)"
799,"6550 S RICHMOND ST,Chicago,IL","(41.77517719999999, -87.6971257)"
800,"9810 S EXCHANGE AVE,Chicago,IL","(41.7168807, -87.55237699999999)"
801,"3250 W ADAMS ST,Chicago,IL","(41.8790132, -87.70698709999999)"
802,"3900 N LAWNDALE AVE,Chicago,IL","(41.9522637, -87.72047649999999)"
803,"1637 W 87TH ST,Chicago,IL","(41.7357665, -87.6644002)"
804,"922 W FLETCHER ST,Chicago,IL","(41.939215, -87.652666)"
805,"8035 S HONORE ST,Chicago,IL","(41.74726099999999, -87.669055)"
806,"4217 W 18TH ST,Chicago,IL","(41.8564752, -87.73081359999999)"
807,"4100 W WEST END AVE,Chicago,IL","(41.8834826, -87.7285216)"
808,"6622 S DR MARTIN LUTHER KING,Chicago,IL","(41.7740245, -87.61549)"
809,"6937 N RIDGE BLVD,Chicago,IL","(42.0076725, -87.6813073)"
810,"1537 N LAWNDALE AVE,Chicago,IL","(41.9092399, -87.71884899999999)"
811,"5835 N LINCOLN AVE,Chicago,IL","(41.98791629999999, -87.70114430000001)"
812,"5835 N LINCOLN AVE,Chicago,IL","(41.98791629999999, -87.70114430000001)"
813,"512 S LAVERGNE AVE,Chicago,IL","(41.8736435, -87.7557412)"
814,"2250 N CLIFTON AVE,Chicago,IL","(41.9229612, -87.6576992)"
815,"4550 W SUNNYSIDE AVE,Chicago,IL","(41.9630974, -87.7420401)"
816,"249 E 37TH ST,Chicago,IL","(41.8271544, -87.61983459999999)"
817,"838 W MARQUETTE RD,Chicago,IL","(41.77270800000001, -87.646416)"
818,"1800 W GARFIELD BL,Chicago,IL","(41.7939677, -87.66949509999999)"
819,"1841 N SPRINGFIELD AVE,Chicago,IL","(41.9146393, -87.7234738)"
820,"3527 S WALLACE ST,Chicago,IL","(41.8303654, -87.6408429)"
821,"2712 S SAWYER AVE,Chicago,IL","(41.8420103, -87.70659309999999)"
822,"6543 S CHAMPLAIN AVE,Chicago,IL","(41.77535839999999, -87.60908169999999)"
823,"4865 N SHERIDAN RD,Chicago,IL","(41.9711969, -87.6544481)"
824,"4850 N KENMORE AVE,Chicago,IL","(41.9705619, -87.6562558)"
825,"8801 S INDIANA AVE,Chicago,IL","(41.734354, -87.618014)"
826,"1419 E 89TH ST,Chicago,IL","(41.7328045, -87.5899013)"
827,"2901 S POPLAR AVE,Chicago,IL","(41.8411442, -87.6485994)"
828,"4446_58 S. EMERALD AVE,Chicago,IL","(41.8130543, -87.64443709999999)"
829,"6901 S FAIRFIELD AVE,Chicago,IL","(41.7677443, -87.6915121)"
830,"600 W 36TH ST,Chicago,IL","(41.8289869, -87.6411854)"
831,"10714 S SAWYER AVE,Chicago,IL","(41.6983547, -87.7024805)"
832,"2210 W PERSHING RD,Chicago,IL","(41.8237382, -87.6824446)"
833,"2744 W PERSHING RD,Chicago,IL","(41.8230744, -87.6942013)"
834,"2647 E 88TH ST,Chicago,IL","(41.7353585, -87.5594199)"
835,"4728 N WOLCOTT AVE,Chicago,IL","(41.9681459, -87.6769468)"
836,"1301 W 14TH ST,Chicago,IL","(41.8629807, -87.6596682)"
837,"1600 W BRYN MAWR AVE,Chicago,IL","(41.9834662, -87.6699028)"
838,"412 S KEELER AVE,Chicago,IL","(41.8747409, -87.73078629999999)"
839,"149 W 73RD ST,Chicago,IL","(41.7618091, -87.6285999)"
840,"2131 E 96TH ST,Chicago,IL","(41.7206681, -87.57287409999999)"
841,"6343 W IRVING PARK RD,Chicago,IL","(41.9526427, -87.7851891)"
842,"3736 N MARSHFIELD AVE,Chicago,IL","(41.9499159, -87.6701562)"
843,"6200 W PATTERSON AVE,Chicago,IL","(41.94679, -87.7816663)"
844,"4196 S STATE ST,Chicago,IL","(41.8183525, -87.6263697)"
845,"12339 S NORMAL AVE,Chicago,IL","(41.6694238, -87.6340462)"
846,"7140 S DR MARTIN LUTHER KING,Chicago,IL","(41.7646673, -87.6157549)"
847,"2754 S TRUMBULL AVE,Chicago,IL","(41.8409073, -87.71139099999999)"
848,"5311 S HAMILTON AVE,Chicago,IL","(41.7970054, -87.6780139)"
849,"401 W BELDEN AVE,Chicago,IL","(41.9237493, -87.63938739999999)"
850,"5950 S WOODLAWN AVE,Chicago,IL","(41.7859785, -87.59633269999999)"
851,"3465 NORTH CICERO AVE,Chicago,IL","(41.9442648, -87.7466905)"
852,"1331 S MILLARD AVE,Chicago,IL","(41.8635725, -87.7162908)"
853,"205 E RANDOLPH ST,Chicago,IL","(41.8838832, -87.6218691)"
854,"848 S MILLER ST,Chicago,IL","(41.8704061, -87.65225559999999)"
855,"5940 S CENTRAL AVE,Chicago,IL","(41.78416, -87.762312)"
856,"9000 S EXCHANGE AVE,Chicago,IL","(41.7311453, -87.5533088)"
857,"2916 W 47TH ST,Chicago,IL","(41.8086002, -87.6971974)"
858,"2060 W GRANVILLE AVE,Chicago,IL","(41.994761, -87.68183049999999)"
859,"2233 W OHIO ST,Chicago,IL","(41.8919352, -87.6834926)"
860,"6446 S KIMBARK AVE,Chicago,IL","(41.777334, -87.59502400000001)"
861,"4415 S DR MARTIN LUTHER KING,Chicago,IL","(41.81419090000001, -87.6164524)"
862,"3651 W SCHUBERT AVE,Chicago,IL","(41.9295238, -87.71908289999999)"
863,"1310 S ASHLAND AVE,Chicago,IL","(41.8646238, -87.6669594)"
864,"1501 W FULLERTON AVE,Chicago,IL","(41.9249831, -87.665897)"
865,"2632 W 66TH ST,Chicago,IL","(41.7736759, -87.6896336)"
866,"1814 N MONTICELLO AVE,Chicago,IL","(41.9141528, -87.7178741)"
867,"6700 N AVONDALE AVE,Chicago,IL","(42.0021942, -87.8184285)"
868,"5085 W ADAMS ST,Chicago,IL","(41.8780522, -87.7527466)"
869,"1711 N CALIFORNIA AVE,Chicago,IL","(41.9130714, -87.69633499999999)"
870,"5727 S RACINE AVE,Chicago,IL","(41.7896317, -87.6545847)"
871,"11710 S MORGAN ST,Chicago,IL","(41.6809259, -87.64743779999999)"
872,"8407 S KERFOOT AVE,Chicago,IL","(41.7413469, -87.6396041)"
873,"2153 W 111TH ST,Chicago,IL","(41.6915158, -87.6756351)"
874,"1744 W PRYOR AVE,Chicago,IL","(41.6919264, -87.66576959999999)"
875,"6011 S ROCKWELL ST,Chicago,IL","(41.7840429, -87.6880979)"
876,"431 N TROY ST,Chicago,IL","(41.8890389, -87.704657)"
877,"3737 W 99TH ST,Chicago,IL","(41.712273, -87.716352)"
878,"6410 S DANTE AVE,Chicago,IL","(41.77866119999999, -87.589582)"
879,"3724 W 111TH ST,Chicago,IL","(41.6913567, -87.71420309999999)"
880,"2200 N HAMLIN AVE,Chicago,IL","(41.9213743, -87.7224669)"
881,"2036 N AVERS AVE,Chicago,IL","(41.9176511, -87.7235197)"
882,"720 W BELMONT AVE,Chicago,IL","(41.9402051, -87.64756849999999)"
883,"10841 S HOMAN AVE,Chicago,IL","(41.6960718, -87.7052305)"
884,"10540 S MORGAN ST,Chicago,IL","(41.702288, -87.6483837)"
885,"7351 S STONY ISLAND AVE,Chicago,IL","(41.7610725, -87.58478989999999)"
886,"3150 S ROBINSON CT,Chicago,IL","(41.837083, -87.667485)"
887,"5873 N NINA AVE,Chicago,IL","(41.9878081, -87.8033045)"
888,"2617 W 105TH ST,Chicago,IL","(41.7017894, -87.6869124)"
889,"3539 W GRACE ST,Chicago,IL","(41.9497364, -87.7170874)"
890,"1743 W 73RD ST,Chicago,IL","(41.7610873, -87.667889)"
891,"5335 S KENWOOD AVE,Chicago,IL","(41.7980014, -87.5934479)"
892,"6113 N NEVA AVE,Chicago,IL","(41.9928646, -87.805627)"
893,"1833 E 71ST ST,Chicago,IL","(41.7660312, -87.57982419999999)"
894,"4837 W ERIE ST,Chicago,IL","(41.8920702, -87.7472655)"
895,"55 W CERMAK RD,Chicago,IL","(41.8526024, -87.6292349)"
896,"6820 S WASHTENAW AVE,Chicago,IL","(41.7692066, -87.6909357)"
897,"1434 W DIVISION ST,Chicago,IL","(41.9036803, -87.664261)"
898,"739 N ADA ST,Chicago,IL","(41.89539, -87.6611199)"
899,"2533 N SACRAMENTO AVE,Chicago,IL","(41.92765199999999, -87.70202599999999)"
900,"8555 S MICHIGAN AVE,Chicago,IL","(41.7386141, -87.62057639999999)"
901,"2953 W NELSON ST,Chicago,IL","(41.9373001, -87.70181579999999)"
902,"3252 N BROADWAY,Chicago,IL","(41.94155569999999, -87.6451008)"
903,"1707 W. MORSE AVE,Chicago,IL","(42.0073304, -87.67269619999999)"
904,"6737 W FOREST PRESERVE AVE,Chicago,IL","(41.9586877, -87.7957466)"
905,"2300 N NARRAGANSETT AVE,Chicago,IL","(41.922026, -87.785743)"
906,"700 W WILLOW ST,Chicago,IL","(41.914397, -87.6465655)"
907,"1929 W 87TH ST,Chicago,IL","(41.7353662, -87.67144789999999)"
908,"1342 E 54TH ST,Chicago,IL","(41.7980245, -87.5923096)"
909,"6006 S PEORIA ST,Chicago,IL","(41.7844599, -87.6478959)"
910,"5250 S ROCKWELL ST,Chicago,IL","(41.7981868, -87.68941559999999)"
911,"1447_1453 S HARDING AVE,Chicago,IL","(41.861065, -87.723445)"
912,"2121 N KEELER AVE,Chicago,IL","(41.91952149999999, -87.7309143)"
913,"4127 W HIRSCH ST,Chicago,IL","(41.9062393, -87.7300539)"
914,"7200 S INGLESIDE AVE,Chicago,IL","(41.7640694, -87.6024357)"
915,"1460 W SUPERIOR ST,Chicago,IL","(41.8952034, -87.664611)"
916,"1 NORTH STATE ST,Chicago,IL","(41.8824143, -87.62724879999999)"
917,"3645 W CHICAGO AVE,Chicago,IL","(41.89518580000001, -87.718132)"
918,"1400 W AUGUSTA BL,Chicago,IL","(41.9000176, -87.6627352)"
919,"2645 N SHEFFIELD AVE,Chicago,IL","(41.9305329, -87.65343399999999)"
920,"6660 W 52ND ST,Chicago,IL","(41.7977577, -87.78857459999999)"
921,"5104 W BELMONT,Chicago,IL","(41.9389496, -87.7545167)"
922,"4537 W CARMEN AVE,Chicago,IL","(41.9734347, -87.7420959)"
923,"4416 N. TROY ST,Chicago,IL","(41.9619799, -87.70763199999999)"
924,"5220 N CALIFORNIA AVE,Chicago,IL","(41.9763222, -87.69919209999999)"
925,"3730 W BRYN MAWR AVE,Chicago,IL","(41.9833796, -87.72158879999999)"
926,"4338 W WABANSIA AVE,Chicago,IL","(41.9126532, -87.73538669999999)"
927,"5501 N KEDZIE AVE,Chicago,IL","(41.9812798, -87.7078105)"
928,"5108 W DIVISION ST,Chicago,IL","(41.9025344, -87.7537794)"
929,"5252 W PALMER ST,Chicago,IL","(41.9211098, -87.7578772)"
930,"5801 N NATOMA AVE,Chicago,IL","(41.98662270000001, -87.79342799999999)"
931,"7117 W PETERSON AVE,Chicago,IL","(41.9900076, -87.80448489999999)"
932,"5900 N NINA AVE,Chicago,IL","(41.9892412, -87.8026524)"
933,"7101 W 63RD ST,Chicago,IL","(41.777082, -87.79858899999999)"
934,"3105 N OAK PARK AVE,Chicago,IL","(41.9365175, -87.7952629)"
935,"965 W 95TH ST,Chicago,IL","(41.721005, -87.6485124)"
936,"9440 S VINCENNES AVE,Chicago,IL","(41.7222606, -87.65065799999999)"
937,"910 E PERSHING RD,Chicago,IL","(41.8249607, -87.60390439999999)"
938,"6441 S OAKLEY AVE,Chicago,IL","(41.776153, -87.680634)"
939,"2401 W CONGRESS PKWY,Chicago,IL","(41.8746515, -87.6865777)"
940,"6500 S RACINE AVE,Chicago,IL","(41.7750512, -87.6553561)"
941,"429 N COLUMBUS DR,Chicago,IL","(41.8888235, -87.6203965)"
942,"7646 S GREEN ST,Chicago,IL","(41.7547862, -87.64596929999999)"
943,"8335 S HONORE ST,Chicago,IL","(41.742683, -87.6692724)"
944,"4712 W OHIO ST,Chicago,IL","(41.8915896, -87.7443417)"
945,"607 N HARDING AVE,Chicago,IL","(41.8921082, -87.7247632)"
946,"6940 S MERRILL AVE,Chicago,IL","(41.7686287, -87.57317309999999)"
947,"1532 S MICHIGAN AVE,Chicago,IL","(41.8610023, -87.6244461)"
948,"6566 N AVONDALE AVE,Chicago,IL","(41.9993519, -87.81517430000001)"
949,"6634 W RAVEN ST,Chicago,IL","(41.99379039999999, -87.7931364)"
950,"5430 N OLCOTT AVE,Chicago,IL","(41.9782824, -87.8144555)"
951,"5424 N OKETO AVE,Chicago,IL","(41.9787093, -87.8123964)"
952,"1940 W 18TH ST,Chicago,IL","(41.8579753, -87.6750643)"
953,"1940 W 18TH ST,Chicago,IL","(41.8579753, -87.6750643)"
954,"744 N PULASKI RD,Chicago,IL","(41.8943307, -87.726035)"
955,"730 N PULASKI RD,Chicago,IL","(41.8941496, -87.72646209999999)"
956,"3000 S LAWNDALE AVE,Chicago,IL","(41.8382715, -87.71769139999999)"
957,"525 N ARMOUR ST,Chicago,IL","(41.8926537, -87.66555149999999)"
958,"6550 S SEELEY AVE,Chicago,IL","(41.7741847, -87.67533379999999)"
959,"2330 E 99TH ST,Chicago,IL","(41.7156226, -87.56716569999999)"
960,"2446 N RIDGEWAY AVE,Chicago,IL","(41.9258244, -87.7210058)"
961,"9050 S BURLEY AVE,Chicago,IL","(41.7304119, -87.5459182)"
962,"2130 S CENTRAL PARK AVE,Chicago,IL","(41.8525159, -87.7151457)"
963,"4641 N ASHLAND AVE,Chicago,IL","(41.9664797, -87.6688298)"
964,"2235 S ALBANY AVE,Chicago,IL","(41.8504839, -87.7025043)"
965,"2228 S WHIPPLE ST,Chicago,IL","(41.85084430000001, -87.7018839)"
966,"13300 S LANGLEY AVE,Chicago,IL","(41.65369740000001, -87.6049453)"
967,"4810 S LEAMINGTON AVE,Chicago,IL","(41.8051053, -87.7521354)"
968,"4434 N LARAMIE AVE,Chicago,IL","(41.9618289, -87.7576867)"
969,"7151 W CORNELIA AVE,Chicago,IL","(41.9432242, -87.8065994)"
970,"221 E 49TH ST,Chicago,IL","(41.80548570000001, -87.6203386)"
971,"4935 S INDIANA AVE,Chicago,IL","(41.8047037, -87.6210882)"
972,"8247 S CHRISTIANA AVE,Chicago,IL","(41.7429177, -87.7052807)"
973,"2100 E 88TH ST,Chicago,IL","(41.7352636, -87.5732451)"
974,"12450 S STATE ST,Chicago,IL","(41.6677891, -87.62230009999999)"
975,"2021 N BURLING ST,Chicago,IL","(41.9187998, -87.64668909999999)"
976,"4856 S LAFLIN ST,Chicago,IL","(41.8051666, -87.6624487)"
977,"7101 N GREENVIEW AVE,Chicago,IL","(42.0118136, -87.6677248)"
978,"2221 S LAWNDALE AVE,Chicago,IL","(41.8510657, -87.7169435)"
979,"5051 N KENNETH AVE,Chicago,IL","(41.97296, -87.7386609)"
980,"200 E 111TH ST,Chicago,IL","(41.6926437, -87.6182275)"
981,"7037 S RHODES AVE,Chicago,IL","(41.766664, -87.61128910000001)"
982,"6430 S KENWOOD AVE,Chicago,IL","(41.7775899, -87.593442)"
983,"8116 S HALSTED ST,Chicago,IL","(41.7466134, -87.64391309999999)"
984,"1420 N ARTESIAN AVE,Chicago,IL","(41.9073095, -87.6885435)"
985,"4302 W DIVISION ST,Chicago,IL","(41.9025543, -87.7339523)"
986,"8001 S WABASH AVE,Chicago,IL","(41.749023, -87.62245899999999)"
987,"5300 S HALSTED ST,Chicago,IL","(41.797627, -87.645662)"
988,"3200 W CONGRESS PKWY,Chicago,IL","(41.8749169, -87.7059695)"
989,"3349 W RICE ST,Chicago,IL","(41.8964214, -87.7107745)"
990,"5653 S LOOMIS ST,Chicago,IL","(41.7941021, -87.6597424)"
991,"4109 S PRINCETON AVE,Chicago,IL","(41.81924069999999, -87.633313)"
992,"5917 N BROADWAY,Chicago,IL","(41.98926609999999, -87.6597274)"
993,"4556 W 56TH ST,Chicago,IL","(41.7912594, -87.73696989999999)"
994,"3231 W DOUGLAS BLVD,Chicago,IL","(41.8624923, -87.70689259999999)"
995,"4701 W MARQUETTE RD,Chicago,IL","(41.7711749, -87.73950409999999)"
996,"2420 W ADAMS ST,Chicago,IL","(41.8790539, -87.68723210000002)"
997,"3925 E 104TH ST,Chicago,IL","(41.7063698, -87.5292697)"
998,"730 S SPRINGFIELD AVE,Chicago,IL","(41.8711594, -87.72282229999999)"
999,"8900 S GREEN BAY AVE,Chicago,IL","(41.733697, -87.541972)"
1000,"630 N KINGSBURY AVE,Chicago,IL","(41.8936415, -87.6419353)"
1001,"1800 N ASHLAND AVE,Chicago,IL","(41.9146169, -87.6680129)"
1002,"1401 S INDIANA AVE,Chicago,IL","(41.863955, -87.622017)"
1003,"1434 N MONTICELLO AVE,Chicago,IL","(41.9074835, -87.7179382)"
1004,"3517 W ARTHINGTON ST,Chicago,IL","(41.8694047, -87.71376409999999)"
1005,"2900 S ASHLAND AVE,Chicago,IL","(41.8443995, -87.66634669999999)"
1006,"1750 W JUNEWAY TER,Chicago,IL","(42.0225303, -87.6754558)"
1007,"1944 S ST. LOUIS AVE,Chicago,IL","(41.853935, -87.71274299999999)"
1008,"916 N HONORE ST,Chicago,IL","(41.898361, -87.67378699999999)"
1009,"1426 W WARNER AVE,Chicago,IL","(41.957339, -87.665275)"
1010,"3200 W PETERSON AVE,Chicago,IL","(41.9912637, -87.7099708)"
1011,"6200 S LASALLE ST,Chicago,IL","(41.7816817, -87.6289278)"
1012,"6336 S KILBOURN AVE,Chicago,IL","(41.7778584, -87.73523379999999)"
1013,"2155 W WABANSIA AVE,Chicago,IL","(41.91261009999999, -87.6821397)"
1014,"3150 S WESTERN AVE,Chicago,IL","(41.8368229, -87.68573909999999)"
1015,"2850 S HALSTED ST,Chicago,IL","(41.84256269999999, -87.6463998)"
1016,"4101 S. LAKE PARK AVE,Chicago,IL","(41.820137, -87.6001556)"
1017,"5801 N PULASKI RD,Chicago,IL","(41.9861619, -87.72679190000001)"
1018,"800 W WISCONSIN ST,Chicago,IL","(41.916011, -87.6488839)"
1019,"1401 N NOBLE ST,Chicago,IL","(41.9070604, -87.6627099)"
1020,"6400 N KEDZIE,Chicago,IL","(41.9978536, -87.70934629999999)"
1021,"115 S. SANGAMON ST,Chicago,IL","(41.87979929999999, -87.6508049)"
1022,"450 E. BENTON PLACE,Chicago,IL","(41.8858918, -87.6175994)"
1023,"1801 S CALUMET AVE,Chicago,IL","(41.8577974, -87.6192481)"
1024,"105TH - 129TH ST,Chicago,IL","(41.7056605, -87.5644683)"
1025,"2430 W LOGAN BLVD,Chicago,IL","(41.9285849, -87.69069119999999)"
1026,"1805 N ALBANY AVE,Chicago,IL","(41.913916, -87.704808)"
1027,"3919 N MONTICELLO AVE,Chicago,IL","(41.9526158, -87.71901040000002)"
1028,"745 W WRIGHTWOOD AVE,Chicago,IL","(41.9290862, -87.6482187)"
1029,"6800 S STEWART AVE,Chicago,IL","(41.7708441, -87.63258569999999)"
1030,"245 W 51ST ST,Chicago,IL","(41.8012712, -87.6326036)"
1031,"6938 S EAST END AVE,Chicago,IL","(41.7688995, -87.5833047)"
1032,"3823 W SCHOOL ST,Chicago,IL","(41.94095739999999, -87.7232484)"
1033,"4701 W BELMONT AVE,Chicago,IL","(41.938599, -87.74456599999999)"
1034,"1932 W LUNT AVE,Chicago,IL","(42.009047, -87.67988079999999)"
1035,"5825 S KOSTNER AVE,Chicago,IL","(41.7871479, -87.7324652)"
1036,"5825 S KOSTNER AVE,Chicago,IL","(41.7871479, -87.7324652)"
1037,"1444 W AUGUSTA BL,Chicago,IL","(41.9000051, -87.6643363)"
1038,"3826 W 58TH ST,Chicago,IL","(41.7882691, -87.7193163)"
1039,"1423 W BRYN MAWR AVE,Chicago,IL","(41.9832437, -87.6669158)"
1040,"1616 S AVERS AVE,Chicago,IL","(41.858343, -87.72183509999999)"
1041,"1241 W 19TH ST,Chicago,IL","(41.8556707, -87.6581867)"
1042,"100 W 66TH ST,Chicago,IL","(41.7745562, -87.6281309)"
1043,"3113 S RHODES AVE,Chicago,IL","(41.8378996, -87.61336430000001)"
1044,"1915 S FEDERAL ST,Chicago,IL","(41.8563951, -87.6293257)"
1045,"3663 S WABASH AVE,Chicago,IL","(41.8280915, -87.6243605)"
1046,"5801 N PULASKI RD,Chicago,IL","(41.9861619, -87.72679190000001)"
1047,"5510 N CHRISTIANA AVE,Chicago,IL","(41.9816988, -87.71283419999999)"
1048,"244 E PERSHING RD,Chicago,IL","(41.8243586, -87.61980059999999)"
1049,"1040 N KEELER AVE,Chicago,IL","(41.9003237, -87.7319285)"
1050,"2301 W 21ST PL,Chicago,IL","(41.8525261, -87.6837986)"
1051,"9650 S AVE M,Chicago,IL","(41.7198078, -87.537708)"
1052,"4300 N WINCHESTER AVE,Chicago,IL","(41.9598685, -87.6777968)"
1053,"1420 W 17TH ST,Chicago,IL","(41.8590606, -87.66313579999999)"
1054,"9507 S OGLESBY AVE,Chicago,IL","(41.7223272, -87.5657341)"
1055,"4200 W 31ST ST,Chicago,IL","(41.83708499999999, -87.729384)"
1056,"650 E 85TH ST,Chicago,IL","(41.7406771, -87.6084994)"
1057,"11156 S HOYNE AVE,Chicago,IL","(41.6901343, -87.6737308)"
1058,"2642 W 15TH PL,Chicago,IL","(41.8604424, -87.69262549999999)"
1059,"5545 W HARRISON ST,Chicago,IL","(41.8725092, -87.76359540000001)"
1060,"6813 W IMLAY ST,Chicago,IL","(41.9987454, -87.7976668)"
1061,"400 W 76TH ST,Chicago,IL","(41.7564966, -87.6350873)"
1062,"10538 S LANGLEY AVE,Chicago,IL","(41.7025584, -87.6062913)"
1063,"620 N SAWYER AVE,Chicago,IL","(41.89230209999999, -87.7080876)"
1064,"1852 S ALBANY AVE,Chicago,IL","(41.8559749, -87.7032363)"
1065,"4046 S PRAIRIE AVE,Chicago,IL","(41.82053760000001, -87.619897)"
1066,"4100 N LONG AVE,Chicago,IL","(41.955369, -87.76358929999999)"
1067,"5330 W BERTEAU AVE,Chicago,IL","(41.9573481, -87.76102259999999)"
1068,"5332 W ADDISON ST,Chicago,IL","(41.9461521, -87.7607189)"
1069,"7340 N ROGERS AVE,Chicago,IL","(42.0152079, -87.6780895)"
1070,"7530 S SOUTH SHORE DR,Chicago,IL","(41.76051349999999, -87.5568043)"
1071,"6310 S DREXEL AVE,Chicago,IL","(41.7800245, -87.6028779)"
1072,"1632 W WRIGHTWOOD AVE,Chicago,IL","(41.92909239999999, -87.6691774)"
1073,"4351 S DREXEL BL,Chicago,IL","(41.8154658, -87.6036355)"
1074,"2009 W SCHILLER ST,Chicago,IL","(41.9068861, -87.6780938)"
1075,"1844 N SHEFFIELD AVE,Chicago,IL","(41.9150409, -87.6535746)"
1076,"1060 E 47TH ST,Chicago,IL","(41.8099431, -87.5996084)"
1077,"1135 N CLEAVER RD,Chicago,IL","(41.902656, -87.66338760000001)"
1078,"10970 S PROSPECT AVE,Chicago,IL","(41.694579, -87.6692769)"
1079,"2148 N LONG AVE,Chicago,IL","(41.9194202, -87.7618468)"
1080,"119 S CENTRAL PARK BL,Chicago,IL","(41.8789685, -87.7156679)"
1081,"4650 N MENARD AVE,Chicago,IL","(41.9656465, -87.7727431)"
1082,"2739 W DIVISION ST,Chicago,IL","(41.9026807, -87.6959923)"
1083,"1419 W BLACKHAWK ST,Chicago,IL","(41.9068649, -87.66348149999999)"
1084,"2230 W MC LEAN AVE,Chicago,IL","(41.918734, -87.68377149999999)"
1085,"11311 S FORRESTVILLE AVE,Chicago,IL","(41.6884931, -87.60942)"
1086,"11113 S COTTAGE GROVE AVE,Chicago,IL","(41.692623, -87.60988549999999)"
1087,"6230 N LEMONT AVE,Chicago,IL","(41.9947039, -87.74496540000001)"
1088,"4520 N WESTERN AVE,Chicago,IL","(41.9639251, -87.6891321)"
1089,"7130 S HAMLIN AVE,Chicago,IL","(41.7629337, -87.71804279999999)"
1090,"6239 N MCCLELLAN AVE,Chicago,IL","(41.995351, -87.770511)"
1091,"7334 S MARYLAND AVE,Chicago,IL","(41.7611516, -87.6044715)"
1092,"4350 W 79TH ST,Chicago,IL","(41.7502378, -87.7294483)"
1093,"7316 S HOYNE AVE,Chicago,IL","(41.760634, -87.67637959999999)"
1094,"4332 N PAULINA ST,Chicago,IL","(41.9608864, -87.67128009999999)"
1095,"4437 N SEELEY AVE,Chicago,IL","(41.9625873, -87.68030999999999)"
1096,"4626 N MANOR AVE,Chicago,IL","(41.96530569999999, -87.7001396)"
1097,"5631 S KIMBARK AVE,Chicago,IL","(41.7921768, -87.5943863)"
1098,"834 E 50TH ST,Chicago,IL","(41.8045435, -87.60508349999999)"
1099,"6350 S STEWART AVE,Chicago,IL","(41.7786152, -87.63556349999999)"
1100,"3650 W SCHOOL ST,Chicago,IL","(41.9412895, -87.71928129999999)"
1101,"3425 N MAJOR AVE,Chicago,IL","(41.94260209999999, -87.7690709)"
1102,"1300 W 79TH ST,Chicago,IL","(41.7506564, -87.6560816)"
1103,"7956 S DR MARTIN LUTHER KING,Chicago,IL","(41.7496041, -87.6149334)"
1104,"2845 W BARRY AVE,Chicago,IL","(41.9373329, -87.6995709)"
1105,"7500 W TALCOTT AVE,Chicago,IL","(41.9910221, -87.8154417)"
1106,"9349 S WENTWORTH AVE,Chicago,IL","(41.7237415, -87.6283595)"
1107,"1010 E 72ND ST,Chicago,IL","(41.7645637, -87.60011539999999)"
1108,"2509 W IRVING PARK RD,Chicago,IL","(41.9536443, -87.692032)"
1109,"827 W 19TH ST,Chicago,IL","(41.8567231, -87.6476978)"
1110,"5009 S LAFLIN ST,Chicago,IL","(41.8027209, -87.6619295)"
1111,"9625 S LONGWOOD DR,Chicago,IL","(41.7184862, -87.6687121)"
1112,"2501 W 103RD ST,Chicago,IL","(41.70606, -87.6844778)"
1113,"9516 S WOOD ST,Chicago,IL","(41.7207994, -87.6675837)"
1114,"6100 W FULLERTON AVE,Chicago,IL","(41.9237377, -87.78528759999999)"
1115,"5100 N FRANCISCO AVE,Chicago,IL","(41.9739812, -87.7019591)"
1116,"401 E RIVER DR,Chicago,IL","(41.8887632, -87.6179124)"
1117,"5230 W ARGYLE ST,Chicago,IL","(41.971556, -87.7600498)"
1118,"6835 S NORMAL BLVD,Chicago,IL","(41.7702519, -87.6368723)"
1119,"9247 S EGGLESTON AVE,Chicago,IL","(41.7263195, -87.6343557)"
1120,"10540 S MORGAN ST,Chicago,IL","(41.702288, -87.6483837)"
1121,"4225 S LAKE PARK AVE,Chicago,IL","(41.817471, -87.598843)"
1122,"7345 N WASHTENAW AVE,Chicago,IL","(42.0152834, -87.6964435)"
1123,"7345 N WASHTENAW AVE,Chicago,IL","(42.0152834, -87.6964435)"
1124,"1800 W BALMORAL AVE,Chicago,IL","(41.9804465, -87.67506639999999)"
1125,"3000 W ARGYLE ST,Chicago,IL","(41.9721325, -87.7035983)"
1126,"62 W ROOSEVELT RD,Chicago,IL","(41.8683711, -87.6299243)"
1127,"3436 W WILSON AVE,Chicago,IL","(41.9650389, -87.7144907)"
1128,"6312 W ROSEDALE AVE,Chicago,IL","(41.9885028, -87.7858067)"
1129,"314 W 108TH ST,Chicago,IL","(41.69725589999999, -87.6311154)"
1130,"2000 E 75TH ST,Chicago,IL","(41.759108, -87.57575)"
1131,"6059 S WABASH AVE,Chicago,IL","(41.7844236, -87.6236972)"
1132,"11546 S AVE L,Chicago,IL","(41.684903, -87.5373153)"
1133,"110 N PAULINA ST,Chicago,IL","(41.8835997, -87.66935699999999)"
1134,"7831 S PRAIRIE AVE,Chicago,IL","(41.7519718, -87.6177101)"
1135,"2410 S LEAVITT ST,Chicago,IL","(41.8479002, -87.6812235)"
1136,"2150 W HARRISON ST,Chicago,IL","(41.8746088, -87.68006700000001)"
1137,"3045 E 83RD ST,Chicago,IL","(41.7443673, -87.54979709999999)"
1138,"6871 W BELDEN AVE,Chicago,IL","(41.9208169, -87.7971244)"
1139,"8716 S WALLACE ST,Chicago,IL","(41.7352668, -87.63950109999999)"
1140,"646 N LAWNDALE AVE,Chicago,IL","(41.8930604, -87.7191745)"
1141,"2216 W HIRSCH ST,Chicago,IL","(41.9072003, -87.6828914)"
1142,"3520 N SACRAMENTO AVE,Chicago,IL","(41.9456522, -87.7028816)"
1143,"2906 EAST 96TH STREET,Chicago,IL","(41.721227, -87.55264299999999)"
1144,"6250 N SHERIDAN RD,Chicago,IL","(41.9959854, -87.6560149)"
1145,"2453 W MONROE ST,Chicago,IL","(41.880439, -87.6880353)"
1146,"347 N ST LOUIS AVE,Chicago,IL","(41.8875685, -87.71362649999999)"
1147,"160 W WENDELL ST,Chicago,IL","(41.9015633, -87.63382)"
1148,"11816 S INDIANA AVE,Chicago,IL","(41.6793831, -87.6182908)"
1149,"2018 N RICHMOND ST,Chicago,IL","(41.9182127, -87.70034729999999)"
1150,"819 N LEAMINGTON AVE,Chicago,IL","(41.8956638, -87.7540607)"
1151,"1949 W 48TH ST,Chicago,IL","(41.8064504, -87.6741203)"
1152,"5534 S ST LOUIS AVE,Chicago,IL","(41.7927818, -87.71230229999999)"
1153,"3017 S WELLS ST,Chicago,IL","(41.8390704, -87.6325595)"
1154,"1337 W OHIO ST,Chicago,IL","(41.8922533, -87.66123650000002)"
1155,"5861 N KOSTNER AVE,Chicago,IL","(41.9884007, -87.7373989)"
1156,"6040 N KILPATRICK AVE,Chicago,IL","(41.9912819, -87.7464294)"
1157,"5750 N ROGERS AVE,Chicago,IL","(41.985669, -87.7404055)"
1158,"5248 S SAWYER AVE,Chicago,IL","(41.7975924, -87.70526129999999)"
1159,"1850 N NEWLAND AVE,Chicago,IL","(41.91381459999999, -87.7994758)"
1160,"4201 W HENDERSON ST,Chicago,IL","(41.9413315, -87.73284029999999)"
1161,"2415 N MARSHFIELD AVE,Chicago,IL","(41.9258583, -87.6689954)"
1162,"640 W SCOTT ST,Chicago,IL","(41.9053683, -87.64482269999999)"
1163,"9755 S GREENWOOD AVE,Chicago,IL","(41.7168493, -87.59685139999999)"
1164,"2957 N HOYNE AVE,Chicago,IL","(41.9355398, -87.6802953)"
1165,"7627 S CONSTANCE AVE,Chicago,IL","(41.7561533, -87.5794785)"
1166,"1552 W SCHREIBER AVE,Chicago,IL","(41.9989998, -87.6695769)"
1167,"2727 N LONG AVE,Chicago,IL","(41.9303572, -87.76127439999999)"
1168,"3601 N MILWAUKEE AVE,Chicago,IL","(41.9472359, -87.73583479999999)"
1169,"4620 W 83RD PL,Chicago,IL","(41.741494, -87.73660199999999)"
1170,"228 E CHICAGO AVE,Chicago,IL","(41.8967738, -87.62173159999999)"
1171,"2238 N OAKLEY AVE,Chicago,IL","(41.9210021, -87.68465379999999)"
1172,"5656 S ST LOUIS AVE,Chicago,IL","(41.7903126, -87.71081559999999)"
1173,"5887 N RIDGE AVE,Chicago,IL","(41.9888418, -87.6685693)"
1174,"5900 N GLENWOOD AVE,Chicago,IL","(41.9890085, -87.6667674)"
1175,"4600 S HERMITAGE AVE,Chicago,IL","(41.80990310000001, -87.66899790000001)"
1176,"375 W ELM ST,Chicago,IL","(41.9028389, -87.63741859999999)"
1177,"6020 S LANGLEY AVE,Chicago,IL","(41.7852617, -87.6085245)"
1178,"7823 S ELLIS AVE,Chicago,IL","(41.7526531, -87.6003724)"
1179,"6935 W ADDISON,Chicago,IL","(41.945366, -87.800257)"
1180,"3660 W 23RD ST,Chicago,IL","(41.8500587, -87.71700150000001)"
1181,"3505 N SOUTHPORT AVE,Chicago,IL","(41.9456861, -87.663664)"
1182,"910 S ABERDEEN ST,Chicago,IL","(41.871524, -87.6547071)"
1183,"533 W 27TH ST,Chicago,IL","(41.8440992, -87.64110409999999)"
1184,"1000 W 52ND ST,Chicago,IL","(41.8000322, -87.65052279999999)"
1185,"1307 W 52ND ST,Chicago,IL","(41.7995763, -87.6586367)"
1186,"5705 S SHIELDS AVE,Chicago,IL","(41.7908713, -87.6340669)"
1187,"245 W 57TH ST,Chicago,IL","(41.7904898, -87.6322584)"
1188,"4250 S ROCKWELL ST,Chicago,IL","(41.8159169, -87.6895299)"
1189,"1330 E 50TH ST,Chicago,IL","(41.8047591, -87.5943398)"
1190,"1460 W 112TH ST,Chicago,IL","(41.6906458, -87.65930759999999)"
1191,"8235 S VINCENNES AVE,Chicago,IL","(41.7441457, -87.63594119999999)"
1192,"1640 N DRAKE AVE,Chicago,IL","(41.9111279, -87.71542939999999)"
1193,"1321 S PAULINA ST,Chicago,IL","(41.8646142, -87.6683561)"
1194,"2835 S WALLACE ST,Chicago,IL","(41.84259160000001, -87.6415083)"
1195,"1443 N. OGDEN AVE,Chicago,IL","(41.9072285, -87.6454436)"
1196,"1331 W MONROE ST,Chicago,IL","(41.88004189999999, -87.6614285)"
1197,"1260 W ADAMS ST,Chicago,IL","(41.8795957, -87.6589984)"
1198,"9912 S PRINCETON AVE,Chicago,IL","(41.7138966, -87.63121910000001)"
1199,"36 E 36TH PL,Chicago,IL","(41.8287306, -87.62517869999999)"
1200,"2526 W GRAND AVE,Chicago,IL","(41.891024, -87.690467)"
1201,"744 E 103RD ST,Chicago,IL","(41.7074651, -87.60538849999999)"
1202,"4310 N MELVINA AVE,Chicago,IL","(41.9590292, -87.7821491)"
1203,"1059 W 13TH ST,Chicago,IL","(41.8649951, -87.6540125)"
1204,"534 N ALBANY AVE,Chicago,IL","(41.8914303, -87.70395889999999)"
1205,"1855 W HURON ST,Chicago,IL","(41.89413709999999, -87.67423889999999)"
1206,"6206 N HAMLIN AVE,Chicago,IL","(41.9942847, -87.7245535)"
1207,"5400 S ST LOUIS AVE,Chicago,IL","(41.7953643, -87.71157099999999)"
1208,"11725 S PERRY AVE,Chicago,IL","(41.6812419, -87.6249076)"
1209,"1365 E 60TH STREET,Chicago,IL","(41.7857114, -87.5919145)"
1210,"1021 E. 83RD ST,Chicago,IL","(41.7437801, -87.599489)"
1211,"7550 S PHILLIPS AVE,Chicago,IL","(41.7574114, -87.5654904)"
1212,"8255 S HOUSTON AVE,Chicago,IL","(41.7449819, -87.54971839999999)"
1213,"1300 W WOLFRAM ST,Chicago,IL","(41.93344159999999, -87.66143129999999)"
1214,"1212 S PLYMOUTH CT,Chicago,IL","(41.8667185, -87.6289961)"
1215,"7529 S CONSTANCE AVE,Chicago,IL","(41.757653, -87.578952)"
1216,"7342 S HOYNE AVE,Chicago,IL","(41.75969070000001, -87.6763149)"
1217,"214 N LAVERGNE AVE,Chicago,IL","(41.8850409, -87.7507791)"
1218,"4706 N PULASKI RD,Chicago,IL","(41.966814, -87.72834499999999)"
1219,"1437 E 54TH ST,Chicago,IL","(41.797828, -87.590222)"
1220,"2400 S MARSHALL BL,Chicago,IL","(41.8476349, -87.699837)"
1221,"3151 W DOUGLAS BL,Chicago,IL","(41.8621559, -87.7051943)"
1222,"2643 SOUTH CENTRAL PARK,Chicago,IL","(41.8431425, -87.7144405)"
1223,"9037 S HARPER AVE,Chicago,IL","(41.7301071, -87.5862856)"
1224,"1439 W WELLINGTON AVE,Chicago,IL","(41.9358077, -87.6655231)"
1225,"1710 W ADDISON ST,Chicago,IL","(41.9472259, -87.6719523)"
1226,"3659 S HONORE ST,Chicago,IL","(41.8270017, -87.6711478)"
1227,"1332 N MASSASOIT AVE,Chicago,IL","(41.9043552, -87.7700194)"
1228,"2211 W 18TH PL,Chicago,IL","(41.8565017, -87.6813322)"
1229,"2867 S THROOP ST,Chicago,IL","(41.842372, -87.652203)"
1230,"10121 S LONGWOOD DR,Chicago,IL","(41.7097292, -87.66918179999999)"
1231,"4941 W PATTERSON AVE,Chicago,IL","(41.94671779999999, -87.7513148)"
1232,"4440 WEST 83RD STREET,Chicago,IL","(41.7419872, -87.7328127)"
1233,"3920 N LEAVITT ST,Chicago,IL","(41.9528843, -87.68383089999999)"
1234,"6547 S STEWART AVE,Chicago,IL","(41.7748074, -87.634107)"
1235,"6020 S LAFLIN ST,Chicago,IL","(41.7840748, -87.6624814)"
1236,"4839 S HARDING AVE,Chicago,IL","(41.8047025, -87.7219203)"
1237,"3333 W 110TH ST,Chicago,IL","(41.6930965, -87.7048042)"
1238,"2524 N ORCHARD ST,Chicago,IL","(41.9284062, -87.646766)"
1239,"7120 S CALUMET AVE,Chicago,IL","(41.7646866, -87.61733009999999)"
1240,"5841 W STRONG ST,Chicago,IL","(41.9699982, -87.77463689999999)"
1241,"5252 N LONG AVE,Chicago,IL","(41.9759915, -87.7637452)"
1242,"5337 S NATOMA AVE,Chicago,IL","(41.7948795, -87.7875521)"
1243,"7740 S EBERHART AVE,Chicago,IL","(41.7535034, -87.61293099999999)"
1244,"4343 W SUNNYSIDE AVE,Chicago,IL","(41.9624514, -87.73744409999999)"
1245,"4052 S WABASH AVE,Chicago,IL","(41.8203675, -87.6250776)"
1246,"8734 S PAULINA ST,Chicago,IL","(41.7346313, -87.6658114)"
1247,"7930 W FOSTER AVE,Chicago,IL","(41.9740532, -87.82567329999999)"
1248,"1501 E 83RD PL,Chicago,IL","(41.7429291, -87.5876615)"
1249,"3131 NORTH MASON AVE,Chicago,IL","(41.9376152, -87.7745973)"
1250,"13110 S BALTIMORE AVE,Chicago,IL","(41.6568912, -87.54759469999999)"
1251,"3535 N PANAMA AVE,Chicago,IL","(41.94444499999999, -87.8285293)"
1252,"10155 S EWING AVE,Chicago,IL","(41.7106001, -87.53468099999999)"
1253,"4500 S WALLACE ST,Chicago,IL","(41.812397, -87.641072)"
1254,"5515 SOUTH SAWYER AVE,Chicago,IL","(41.7927979, -87.7041578)"
1255,"4854 W MONTANA ST,Chicago,IL","(41.92543209999999, -87.7485133)"
1256,"6216 N GLENWOOD AVE,Chicago,IL","(41.9951404, -87.665652)"
1257,"1677 W BRYN MAWR AVE,Chicago,IL","(41.9832388, -87.6718391)"
1258,"2347 W AUGUSTA BL,Chicago,IL","(41.8991248, -87.68603619999999)"
1259,"10115 S PARNELL AVE,Chicago,IL","(41.7101844, -87.63647639999999)"
1260,"5614 N FAIRFIELD AVE,Chicago,IL","(41.9837884, -87.69832249999999)"
1261,"3640 W WOLFRAM ST,Chicago,IL","(41.9329979, -87.7189538)"
1262,"1076 W ROOSEVELT RD,Chicago,IL","(41.8676547, -87.6540661)"
1263,"5525 N MAGNOLIA AVE,Chicago,IL","(41.9824749, -87.66094059999999)"
1264,"2101 N FREMONT ST,Chicago,IL","(41.9197513, -87.6513566)"
1265,"5201 S MC VICKER AVE,Chicago,IL","(41.7975676, -87.77312189999999)"
1266,"2801 S PRINCETON AVE,Chicago,IL","(41.8423859, -87.63385699999999)"
1267,"2509 W LOGAN BL,Chicago,IL","(41.9281517, -87.6904723)"
1268,"10212 S VERNON AVE,Chicago,IL","(41.70882750000001, -87.613022)"
1269,"4939 W MONTROSE AVE,Chicago,IL","(41.960296, -87.7516672)"
1270,"10200 S WASHTENAW AVE,Chicago,IL","(41.70797, -87.68943)"
1271,"2245 N SOUTHPORT AVE,Chicago,IL","(41.9232646, -87.66292589999999)"
1272,"7400 W TOUHY AVE,Chicago,IL","(42.0119385, -87.81209330000002)"
1273,"3330 N LOCKWOOD AVE,Chicago,IL","(41.9416729, -87.7597895)"
1274,"1500 W BELMONT AVE,Chicago,IL","(41.94007329999999, -87.66680029999999)"
1275,"2252 W WASHINGTON BL,Chicago,IL","(41.8832967, -87.6837264)"
1276,"7318 N OAKLEY AVE,Chicago,IL","(42.0144251, -87.6878885)"
1277,"9833 SOUTH THROOP STREET,Chicago,IL","(41.7146074, -87.654411)"
1278,"1810 N HERMITAGE AVE,Chicago,IL","(41.9145828, -87.67212699999999)"
1279,"1026 W BUENA AVE,Chicago,IL","(41.958763, -87.6555169)"
1280,"7033 N MOSELLE AVE,Chicago,IL","(42.008011, -87.77775799999999)"
1281,"6424 S KENNETH AVE,Chicago,IL","(41.7761705, -87.733961)"
1282,"4910 N CLAREMONT AVE,Chicago,IL","(41.9708359, -87.6881344)"
1283,"8231 S SOUTH SHORE DR,Chicago,IL","(41.7459161, -87.5476084)"
1284,"5115 N MONTCLARE AVE,Chicago,IL","(41.9744566, -87.80427689999999)"
1285,"3741 W 62ND ST,Chicago,IL","(41.7805776, -87.716655)"
1286,"2200 W RICE ST,Chicago,IL","(41.8970747, -87.6823536)"
1287,"6143 W IRVING PARK RD,Chicago,IL","(41.9525442, -87.780793)"
1288,"5900 W BELMONT AVE,Chicago,IL","(41.93900970000001, -87.7749916)"
1289,"5650 N CANFIELD AVE,Chicago,IL","(41.9826709, -87.8242862)"
1290,"846 N MENARD AVE,Chicago,IL","(41.8963933, -87.7706642)"
1291,"7621 S DORCHESTER AVE,Chicago,IL","(41.7562701, -87.5902568)"
1292,"2114 WEST 22ND PLACE,Chicago,IL","(41.8514554, -87.67903439999999)"
1293,"2500 W BRYN MAWR AVE,Chicago,IL","(41.9834186, -87.69236900000001)"
1294,"2110 E 72ND ST,Chicago,IL","(41.7648992, -87.57320650000001)"
1295,"4131 W CORTLAND ST,Chicago,IL","(41.9148518, -87.7295721)"
1296,"1919 S ASHLAND AVE,Chicago,IL","(41.8553013, -87.6657888)"
1297,"1625 S ALLPORT ST,Chicago,IL","(41.8590802, -87.6573367)"
1298,"6340 S NEW ENGLAND AVE,Chicago,IL","(41.776312, -87.7940172)"
1299,"5025 S KENNETH AVE,Chicago,IL","(41.8019617, -87.7343004)"
1300,"7740 S WESTERN AVE,Chicago,IL","(41.752586, -87.68297799999999)"
1301,"6036 W EASTWOOD AVE,Chicago,IL","(41.9647587, -87.7778575)"
1302,"7801 S THROOP ST,Chicago,IL","(41.7519921, -87.654095)"
1303,"5701 N REDWOOD DR?,Chicago,IL","(41.982932, -87.827371)"
1304,"7416 N RIDGE BL,Chicago,IL","(42.0164485, -87.6850048)"
1305,"1255 N NOBLE,Chicago,IL","(41.9051817, -87.6621009)"
1306,"3027 W PALMER BL,Chicago,IL","(41.9203164, -87.70321539999999)"
1307,"6125 S AUSTIN AVE,Chicago,IL","(41.7803189, -87.7708024)"
1308,"6323 N NEWCASTLE AVE,Chicago,IL","(41.9956974, -87.7962941)"
1309,"247 W 23RD ST,Chicago,IL","(41.8497783, -87.6337832)"
1310,"8130 S CALIFORNIA AVE,Chicago,IL","(41.7452155, -87.69313819999999)"
1311,"4827 N KENMORE AVE,Chicago,IL","(41.969738, -87.6558012)"
1312,"5467 S WOODLAWN AVE,Chicago,IL","(41.7960341, -87.5964422)"
1313,"6040 W ARDMORE AVE,Chicago,IL","(41.9869493, -87.77980269999999)"
1314,"4120 W 57TH ST,Chicago,IL","(41.7899764, -87.7263485)"
1315,"4140 W ADDISON ST,Chicago,IL","(41.9467705, -87.7310059)"
1316,"11741 S WESTERN AVE,Chicago,IL","(41.6798298, -87.67999990000001)"
1317,"2559 N SAYRE AVE,Chicago,IL","(41.9269111, -87.80029200000001)"
1318,"7424 S MORGAN ST,Chicago,IL","(41.7590551, -87.64952720000001)"
1319,"640 W SCOTT ST,Chicago,IL","(41.9053683, -87.64482269999999)"
1320,"2306 W MAYPOLE AVE,Chicago,IL","(41.8841724, -87.6849027)"
1321,"7000 W 51ST PL,Chicago,IL","(41.798765, -87.79663529999999)"
1322,"3658 S STATE ST,Chicago,IL","(41.8277302, -87.6265291)"
1323,"3030 N MOBILE AVE,Chicago,IL","(41.935631, -87.78415199999999)"
1324,"1300 E 75TH ST,Chicago,IL","(41.75894, -87.59304)"
1325,"8010 S KOSTNER AVE,Chicago,IL","(41.7471357, -87.7319927)"
1326,"4525 N KENMORE AVE,Chicago,IL","(41.9651408, -87.65617019999999)"
1327,"7507 W BIRCHWOOD AVE,Chicago,IL","(42.0167079, -87.8144064)"
1328,"4420 N BEACON ST,Chicago,IL","(41.9620926, -87.6638569)"
1329,"6239 N LEAVITT ST,Chicago,IL","(41.9954415, -87.6842492)"
1330,"5446 S GREENWOOD AVE,Chicago,IL","(41.79660150000001, -87.5996759)"
1331,"3444 W WABANSIA AVE,Chicago,IL","(41.91251279999999, -87.7130923)"
1332,"4347 W 54TH ST,Chicago,IL","(41.7939861, -87.7319612)"
1333,"2022 W WASHINGTON BL,Chicago,IL","(41.8833296, -87.6776146)"
1334,"8331 S MACKINAW AVE,Chicago,IL","(41.7440133, -87.54266539999999)"
1335,"8164 S SOUTH CHICAGO AVE,Chicago,IL","(41.7460084, -87.5787904)"
1336,"6631 N BOSWORTH AVE,Chicago,IL","(42.0028084, -87.6689166)"
1337,"4201 S CHAMPLAIN AVE,Chicago,IL","(41.818334, -87.610062)"
1338,"7262 W SUMMERDALE AVE,Chicago,IL","(41.9775534, -87.8087991)"
1339,"4320 W FIFTH AVE,Chicago,IL","(41.8705602, -87.7341596)"
1340,"2100 W DEVON AVE,Chicago,IL","(41.9981208, -87.68285259999999)"
1341,"300 W 24TH PL,Chicago,IL","(41.8482048, -87.6347078)"
1342,"2634 W SUNNYSIDE AVE,Chicago,IL","(41.963097, -87.69480039999999)"
1343,"2528 N RACINE AVE,Chicago,IL","(41.9281766, -87.65856149999999)"
1344,"2101 W SUPERIOR ST,Chicago,IL","(41.8949564, -87.679473)"
1345,"10015 S LEAVITT ST,Chicago,IL","(41.711022, -87.67630799999999)"
1346,"650 N LEAMINGTON AVE,Chicago,IL","(41.892862, -87.754648)"
1347,"5900 N WINTHROP AVE,Chicago,IL","(41.9888995, -87.65860430000001)"
1348,"5109 S GREENWOOD AVE,Chicago,IL","(41.8020247, -87.5998043)"
1349,"1223 W 109TH PL,Chicago,IL","(41.6949526, -87.65325849999999)"
1350,"6545 W HURLBUT ST,Chicago,IL","(41.9855793, -87.79169470000001)"
1351,"1840 W OHIO ST,Chicago,IL","(41.8927743, -87.6739364)"
1352,"5450 S TALMAN AVE,Chicago,IL","(41.7941248, -87.690685)"
1353,"5157 S CALIFORNIA AVE,Chicago,IL","(41.7993803, -87.6934313)"
1354,"7350 S EVANS AVE,Chicago,IL","(41.7608342, -87.6071441)"
1355,"3300 W 71ST ST,Chicago,IL","(41.7643421, -87.70512099999999)"
1356,"9912 S AVE H,Chicago,IL","(41.7156267, -87.5332614)"
1357,"100 W 47TH ST,Chicago,IL","(41.809189, -87.6281838)"
1358,"647 W ROOT ST,Chicago,IL","(41.8189779, -87.6424037)"
1359,"4343 N CLARENDON AVE,Chicago,IL","(41.961341, -87.64931899999999)"
1360,"2832 W 24TH BL,Chicago,IL","(41.8479028, -87.69538170000001)"
1361,"3535 W FOSTER AVE,Chicago,IL","(41.975387, -87.7174879)"
1362,"2828 W PRATT BL,Chicago,IL","(42.0056166, -87.7012345)"
1363,"4611 S ELLIS AVE,Chicago,IL","(41.811015, -87.60123)"
1364,"8421 S MORGAN ST,Chicago,IL","(41.7407013, -87.6483076)"
1365,"1802 N. FAIRFIELD,Chicago,IL","(41.91413259999999, -87.6963258)"
1366,"2017 W MONTROSE AVE,Chicago,IL","(41.9611724, -87.6799011)"
1367,"1601 S HALSTED ST,Chicago,IL","(41.8595869, -87.646412)"
1368,"2250 W 13TH ST,Chicago,IL","(41.865106, -87.68315899999999)"
1369,"6024 W WARWICK AVE,Chicago,IL","(41.94894499999999, -87.777823)"
1370,"8914 S BUFFALO AVE,Chicago,IL","(41.733009, -87.5450591)"
1371,"1811 S THROOP ST,Chicago,IL","(41.8574835, -87.6586732)"
1372,"4800 N LAVERGNE AVE,Chicago,IL","(41.9677224, -87.7523879)"
1373,"4747 S UNION AVE,Chicago,IL","(41.8075106, -87.6424668)"
1374,"6410 S ELLIS AVE,Chicago,IL","(41.7778597, -87.60039809999999)"
1375,"305 N KOSTNER,Chicago,IL","(41.885982, -87.73563279999999)"
1376,"223 N KEELER AVE,Chicago,IL","(41.884245, -87.72974599999999)"
1377,"1700 W 83RD ST,Chicago,IL","(41.7433814, -87.6659482)"
1378,"300 W 18TH ST,Chicago,IL","(41.85771260000001, -87.6350111)"
1379,"5815 S HOMAN AVE,Chicago,IL","(41.7874363, -87.70768389999999)"
1380,"8950 S COTTAGE GROVE AVE,Chicago,IL","(41.731463, -87.6051109)"
1381,"7348 N PAULINA ST,Chicago,IL","(42.0152489, -87.6729581)"
1382,"2106 W ADAMS ST,Chicago,IL","(41.8788268, -87.67937649999999)"
1383,"2250 N CLIFTON AVE,Chicago,IL","(41.9229612, -87.6576992)"
1384,"2400 E 105TH ST,Chicago,IL","(41.7056963, -87.5644536)"
1385,"5200 N ASHLAND AVE,Chicago,IL","(41.9764074, -87.6698278)"
1386,"501 E 90TH PL,Chicago,IL","(41.7301204, -87.61119959999999)"
1387,"9300 S PRINCETON AVE,Chicago,IL","(41.72570100000001, -87.630464)"
1388,"5131 S LINDER AVE,Chicago,IL","(41.7995187, -87.7600428)"
1389,"707 E 37TH ST,Chicago,IL","(41.8274419, -87.6080624)"
1390,"3110 W GRAND AVE,Chicago,IL","(41.8980721, -87.70466449999999)"
1391,"1501 W RANDOLPH ST,Chicago,IL","(41.8851415, -87.666066)"
1392,"1236 W 103RD ST,Chicago,IL","(41.707014, -87.6541104)"
1393,"2636 N KIMBALL AVE,Chicago,IL","(41.9293972, -87.71221100000001)"
1394,"1362 E 59TH ST,Chicago,IL","(41.78802779999999, -87.5939404)"
1395,"4248 W 47TH ST,Chicago,IL","(41.80821419999999, -87.7306844)"
1396,"1641 W 16TH ST,Chicago,IL","(41.859406, -87.6679035)"
1397,"1014 E 47TH ST,Chicago,IL","(41.8099654, -87.6005806)"
1398,"7001 W 59TH ST,Chicago,IL","(41.7844635, -87.79617100000002)"
1399,"9510 S PROSPECT AVE,Chicago,IL","(41.7205567, -87.66589929999999)"
